Workbook

Sheet data
A1: SubmissionDate | B1: starttime | C1: endtime | D1: caseid | E1: duration | F1: users | G1: fo_id | H1: fo_name | I1: fc_id | J1: fc_name | K1: formdef_id | L1: KEY | M1: icm_treat_status | N1: now_complete | O1: pub_to_users | P1: attempt_status | Q1: brgy_prefix
A2: 2025-08-25T03:44:14.435Z | B2: 2025-08-25T09:46:02.505+08 | C2: 2025-08-25T11:39:10.499+08 | D2: H030243024 | E2: 6446 | F2: team_e,team_f | G2: 859767 | H2: Ramie De Pedro Jr. | K2: ICM_follow_up_launch | L2: uuid:88f63169-04a1-425d-80ee-7a74fb545cd6 | N2: 1 | O2: team_e,team_f | P2: For Revisit | Q2: =LEFT(D2,7) -> H030243
A3: 2025-08-25T11:16:05.243Z | B3: 2025-08-25T12:12:28.706+08 | C3: 2025-08-25T13:49:18.388+08 | D3: H030243026 | E3: 5810 | F3: team_e,team_f | G3: 859767 | H3: Ramie De Pedro Jr. | K3: ICM_follow_up_launch | L3: uuid:6eda92a2-acc8-464d-ad1a-003ddbea27a7 | N3: 1 | O3: team_e,team_f | P3: For Revisit | Q3: =LEFT(D3,7) -> H030243
A4: 2025-08-25T11:27:47.527Z | B4: 2025-08-25T09:43:06.445+08 | C4: 2025-08-25T10:57:26.302+08 | D4: H030243033 | E4: 4430 | F4: team_e,team_f | G4: 555127 | H4: Mary May | K4: ICM_follow_up_launch | L4: uuid:9104839d-1504-4bee-9a8e-5d3470dc3515 | N4: 1 | O4: team_e,team_f | P4: For Revisit | Q4: =LEFT(D4,7) -> H030243
A5: 2025-08-25T11:27:48.291Z | B5: 2025-08-25T11:09:34.894+08 | C5: 2025-08-25T11:33:15.835+08 | D5: H030243028 | E5: 733 | F5: team_e,team_f | G5: 555127 | H5: Mary May | K5: ICM_follow_up_launch | L5: uuid:cad5d068-2f50-4629-96a9-aa9a10049d65 | N5: 0 | O5: team_e,team_f | P5: For Revisit | Q5: =LEFT(D5,7) -> H030243
A6: 2025-08-25T11:27:49.103Z | B6: 2025-08-25T13:50:40.454+08 | C6: 2025-08-25T14:46:00.327+08 | D6: H030243032 | E6: 3280 | F6: team_e,team_f | G6: 555127 | H6: Mary May | K6: ICM_follow_up_launch | L6: uuid:e34a946b-6ae2-4410-9b00-4be58fb58646 | N6: 1 | O6: team_e,team_f | P6: For Revisit | Q6: =LEFT(D6,7) -> H030243
A7: 2025-08-25T11:27:50.003Z | B7: 2025-08-25T11:33:40.051+08 | C7: 2025-08-25T13:02:44.072+08 | D7: H030243030 | E7: 5291 | F7: team_e,team_f | G7: 555127 | H7: Mary May | K7: ICM_follow_up_launch | L7: uuid:57ee7864-5af7-4b27-a9c5-74a0f3688503 | N7: 1 | O7: team_e,team_f | P7: For Revisit | Q7: =LEFT(D7,7) -> H030243
A8: 2025-08-25T11:30:54.620Z | B8: 2025-08-25T10:43:25.996+08 | C8: 2025-08-25T12:24:30.899+08 | D8: H030069008 | E8: 5384 | F8: team_c,team_d | G8: O3925718 | H8: Adrian Montecastro Ferrer | K8: ICM_follow_up_launch | L8: uuid:f38247e9-7643-463b-abda-ebf64498aba3 | N8: 1 | O8: team_c,team_d | P8: For Revisit | Q8: =LEFT(D8,7) -> H030069
A9: 2025-08-25T11:30:55.574Z | B9: 2025-08-25T12:33:59.870+08 | C9: 2025-08-25T13:34:43.797+08 | D9: H030069018 | E9: 3644 | F9: team_c,team_d | G9: O3925718 | H9: Adrian Montecastro Ferrer | K9: ICM_follow_up_launch | L9: uuid:d71e35ba-7321-401b-bcfc-fe5d558766bf | N9: 1 | O9: team_c,team_d | P9: For Revisit | Q9: =LEFT(D9,7) -> H030069
A10: 2025-08-25T11:39:28.749Z | B10: 2025-08-25T09:47:39.044+08 | C10: 2025-08-25T10:52:26.911+08 | D10: H030243034 | E10: 3888 | F10: team_e,team_f | G10: 455939 | H10: Mary Jean Villaflor | K10: ICM_follow_up_launch | L10: uuid:1cfd2ba2-ac29-4e6e-9432-6ca448daf667 | N10: 1 | O10: team_e,team_f | P10: For Revisit | Q10: =LEFT(D10,7) -> H030243
A11: 2025-08-25T11:39:29.904Z | B11: 2025-08-25T10:58:11.681+08 | C11: 2025-08-25T11:55:05.909+08 | D11: H030243035 | E11: 3414 | F11: team_e,team_f | G11: 455939 | H11: Mary Jean Villaflor | K11: ICM_follow_up_launch | L11: uuid:073a64cd-3d88-43d2-b770-d738288430ea | N11: 1 | O11: team_e,team_f | P11: For Revisit | Q11: =LEFT(D11,7) -> H030243
A12: 2025-08-25T11:41:09.601Z | B12: 2025-08-25T09:40:38.307+08 | C12: 2025-08-25T10:28:40.598+08 | D12: H030243021 | E12: 2884 | F12: team_e,team_f | G12: 729375 | H12: Janet Serafica | K12: ICM_follow_up_launch | L12: uuid:b9fba4ae-3912-4ef3-a4e5-f0d97d0a0878 | N12: 1 | O12: team_e,team_f | P12: For Revisit | Q12: =LEFT(D12,7) -> H030243
A13: 2025-08-25T11:41:10.797Z | B13: 2025-08-25T14:24:57.836+08 | C13: 2025-08-25T15:11:27.387+08 | D13: H030243029 | E13: 2750 | F13: team_e,team_f | G13: 729375 | H13: Janet Serafica | K13: ICM_follow_up_launch | L13: uuid:2020a6c9-7f95-428d-9725-c8f1d80836df | N13: 1 | O13: team_e,team_f | P13: For Revisit | Q13: =LEFT(D13,7) -> H030243
A14: 2025-08-25T11:41:10.516Z | B14: 2025-08-25T10:47:36.335+08 | C14: 2025-08-25T11:58:44.588+08 | D14: H030243019 | E14: 4211 | F14: team_e,team_f | G14: 729375 | H14: Janet Serafica | K14: ICM_follow_up_launch | L14: uuid:a75e8214-2e44-45bc-9cdc-dd495acd8186 | N14: 1 | O14: team_e,team_f | P14: For Revisit | Q14: =LEFT(D14,7) -> H030243
A15: 2025-08-25T11:45:56.065Z | B15: 2025-08-25T12:40:52.852+08 | C15: 2025-08-25T14:07:17.595+08 | D15: H030243023 | E15: 5118 | F15: team_e,team_f | G15: 841329 | H15: Aila Eli | K15: ICM_follow_up_launch | L15: uuid:24422a76-d8a3-4b2b-ab3c-86901dd0bb0d | N15: 1 | O15: team_e,team_f | P15: For Revisit | Q15: =LEFT(D15,7) -> H030243
A16: 2025-08-25T11:46:07.603Z | B16: 2025-08-25T09:47:34.923+08 | C16: 2025-08-25T12:35:25.780+08 | D16: H030243022 | E16: 10035 | F16: team_e,team_f | G16: 841329 | H16: Aila Eli | K16: ICM_follow_up_launch | L16: uuid:f96ead38-16c8-403a-811e-b5d65b115103 | N16: 1 | O16: team_e,team_f | P16: For Revisit | Q16: =LEFT(D16,7) -> H030243
A17: 2025-08-25T12:36:06.336Z | B17: 2025-08-25T10:50:13.980+08 | C17: 2025-08-25T11:53:45.055+08 | D17: H030069016 | E17: 3811 | F17: team_c,team_d | G17: M6491032 | H17: Rosevil Tayo Desamparado | K17: ICM_follow_up_launch | L17: uuid:266d51e5-4b45-447a-a197-3569494ac592 | N17: 1 | O17: team_c,team_d | P17: For Revisit | Q17: =LEFT(D17,7) -> H030069
A18: 2025-08-25T12:36:07.029Z | B18: 2025-08-25T12:09:13.476+08 | C18: 2025-08-25T13:22:13.466+08 | D18: H030069025 | E18: 4380 | F18: team_c,team_d | G18: M6491032 | H18: Rosevil Tayo Desamparado | K18: ICM_follow_up_launch | L18: uuid:3b694f49-86e2-4ed0-80b7-c466061f9b07 | N18: 1 | O18: team_c,team_d | P18: For Revisit | Q18: =LEFT(D18,7) -> H030069
A19: 2025-08-25T12:39:08.165Z | B19: 2025-08-25T14:14:26.498+08 | C19: 2025-08-25T15:13:24.111+08 | D19: H030069024 | E19: 1847 | F19: team_c,team_d | G19: K8623174 | H19: Marielle Kaye Ignacio Alonzo | K19: ICM_follow_up_launch | L19: uuid:145b1003-8109-4574-970a-95ed2d909eb3 | N19: 1 | O19: team_c,team_d | P19: For Revisit | Q19: =LEFT(D19,7) -> H030069
A20: 2025-08-25T12:39:09.088Z | B20: 2025-08-25T11:45:53.359+08 | C20: 2025-08-25T13:49:18.526+08 | D20: H030069032 | E20: 7405 | F20: team_c,team_d | G20: K8623174 | H20: Marielle Kaye Ignacio Alonzo | K20: ICM_follow_up_launch | L20: uuid:42b97ad0-ba6e-4b57-86c9-c7909ae8cd23 | N20: 1 | O20: team_c,team_d | P20: For Revisit | Q20: =LEFT(D20,7) -> H030069
A21: 2025-08-25T12:43:33.517Z | B21: 2025-08-25T10:42:58.727+08 | C21: 2025-08-25T11:59:55.913+08 | D21: H030769020 | E21: 4582 | F21: team_a,team_b | G21: C7502931 | H21: Jenny Lou Toles Estacio | K21: ICM_follow_up_launch | L21: uuid:116eff23-1ca3-4da8-9ce5-ffac5565d9c8 | N21: 1 | O21: team_a,team_b | P21: For Revisit | Q21: =LEFT(D21,7) -> H030769
A22: 2025-08-25T12:43:34.363Z | B22: 2025-08-25T12:20:50.186+08 | C22: 2025-08-25T20:43:20.307+08 | D22: H030769019 | E22: 4229 | F22: team_a,team_b | G22: C7502931 | H22: Jenny Lou Toles Estacio | K22: ICM_follow_up_launch | L22: uuid:4ae2d469-0e48-4ec1-94d4-35ee3740c331 | N22: 1 | O22: team_a,team_b | P22: For Revisit | Q22: =LEFT(D22,7) -> H030769
A23: 2025-08-25T12:48:30.448Z | B23: 2025-08-25T12:00:40.347+08 | C23: 2025-08-25T13:44:32.423+08 | D23: H030069030 | E23: 5372 | F23: team_c,team_d | G23: 365637 | H23: Trixie Marie | K23: ICM_follow_up_launch | L23: uuid:1bd1ec62-c4ff-415e-b7cf-75fc68e2b664 | N23: 1 | O23: team_c,team_d | P23: For Revisit | Q23: =LEFT(D23,7) -> H030069
A24: 2025-08-25T12:48:31.574Z | B24: 2025-08-25T11:27:37.648+08 | C24: 2025-08-25T14:28:16.808+08 | D24: H030069029 | E24: 2438 | F24: team_c,team_d | G24: 365637 | H24: Trixie Marie | K24: ICM_follow_up_launch | L24: uuid:7e723010-4697-4124-a588-ef9363a32f78 | N24: 1 | O24: team_c,team_d | P24: For Revisit | Q24: =LEFT(D24,7) -> H030069
A25: 2025-08-25T12:56:52.939Z | B25: 2025-08-25T11:15:39.664+08 | C25: 2025-08-25T12:28:42.558+08 | D25: H030769032 | E25: 4020 | F25: team_a,team_b | G25: H2846135 | H25: Annalou Empanado Encontro | K25: ICM_follow_up_launch | L25: uuid:85240357-29ef-4b76-8a8d-40ffe41c35f3 | N25: 1 | O25: team_a,team_b | P25: For Revisit | Q25: =LEFT(D25,7) -> H030769
A26: 2025-08-25T12:56:54.394Z | B26: 2025-08-25T13:02:15.085+08 | C26: 2025-08-25T14:42:27.567+08 | D26: H030769025 | E26: 5495 | F26: team_a,team_b | G26: H2846135 | H26: Annalou Empanado Encontro | K26: ICM_follow_up_launch | L26: uuid:8126eeb9-d7d4-44c3-85ab-1b265f9291f9 | N26: 1 | O26: team_a,team_b | P26: For Revisit | Q26: =LEFT(D26,7) -> H030769
A27: 2025-08-25T12:59:42.771Z | B27: 2025-08-25T11:04:38.772+08 | C27: 2025-08-25T12:35:54.803+08 | D27: H030769033 | E27: 5476 | F27: team_a,team_b | G27: D1284067 | H27: Mariel Del Rio | K27: ICM_follow_up_launch | L27: uuid:8a2837dc-c05e-4e4c-a4bc-1f427e577834 | N27: 1 | O27: team_a,team_b | P27: For Revisit | Q27: =LEFT(D27,7) -> H030769
A28: 2025-08-25T12:59:43.474Z | B28: 2025-08-25T12:54:32.784+08 | C28: 2025-08-25T13:57:22.634+08 | D28: H030769026 | E28: 3787 | F28: team_a,team_b | G28: D1284067 | H28: Mariel Del Rio | K28: ICM_follow_up_launch | L28: uuid:ff342c15-95e3-49c9-b146-eff3e91b745e | N28: 1 | O28: team_a,team_b | P28: For Revisit | Q28: =LEFT(D28,7) -> H030769
A29: 2025-08-25T13:01:45.657Z | B29: 2025-08-25T10:51:56.030+08 | C29: 2025-08-25T12:07:07.490+08 | D29: H030769030 | E29: 4511 | F29: team_a,team_b | G29: F3051749 | H29: Elenita Gicos De La Pe�a | K29: ICM_follow_up_launch | L29: uuid:38b5833c-9344-4b4a-998a-337f4703ab45 | N29: 1 | O29: team_a,team_b | P29: For Revisit | Q29: =LEFT(D29,7) -> H030769
A30: 2025-08-25T13:01:46.314Z | B30: 2025-08-25T12:42:08.772+08 | C30: 2025-08-25T15:24:32.435+08 | D30: H030769027 | E30: 9744 | F30: team_a,team_b | G30: F3051749 | H30: Elenita Gicos De La Pe�a | K30: ICM_follow_up_launch | L30: uuid:80a6dda2-4464-4ccd-a7a4-271e33f84dd4 | N30: 1 | O30: team_a,team_b | P30: For Revisit | Q30: =LEFT(D30,7) -> H030769
A31: 2025-08-25T13:05:50.173Z | B31: 2025-08-25T11:35:05.171+08 | C31: 2025-08-25T13:07:38.693+08 | D31: H030069028 | E31: 4189 | F31: team_c,team_d | G31: L2057896 | H31: Franz Reoben Posadas Geneblaza | K31: ICM_follow_up_launch | L31: uuid:c2f9b047-a842-4ce4-91b6-4c950e6c2db1 | N31: 1 | O31: team_c,team_d | P31: For Revisit | Q31: =LEFT(D31,7) -> H030069
A32: 2025-08-25T13:05:50.897Z | B32: 2025-08-25T13:08:02.622+08 | C32: 2025-08-25T14:06:12.207+08 | D32: H030069034 | E32: 2943 | F32: team_c,team_d | G32: L2057896 | H32: Franz Reoben Posadas Geneblaza | K32: ICM_follow_up_launch | L32: uuid:6f1b7c3d-ed24-4e46-a3bb-d915a23e2360 | N32: 1 | O32: team_c,team_d | P32: For Revisit | Q32: =LEFT(D32,7) -> H030069
A33: 2025-08-25T13:05:51.304Z | B33: 2025-08-25T14:06:34.102+08 | C33: 2025-08-25T14:55:57.911+08 | D33: H030069027 | E33: 1578 | F33: team_c,team_d | G33: L2057896 | H33: Franz Reoben Posadas Geneblaza | K33: ICM_follow_up_launch | L33: uuid:868bf885-7f49-4282-8088-c85819cd8cf5 | N33: 1 | O33: team_c,team_d | P33: For Revisit | Q33: =LEFT(D33,7) -> H030069
A34: 2025-08-25T13:22:54.810Z | B34: 2025-08-25T11:05:44.806+08 | C34: 2025-08-25T17:22:38.953+08 | D34: H030069026 | E34: 9853 | F34: team_c,team_d | G34: N7814260 | H34: Jemma Marie Tillo | K34: ICM_follow_up_launch | L34: uuid:283e3b8f-3953-460f-a65c-af903184a208 | N34: 1 | O34: team_c,team_d | P34: For Revisit | Q34: =LEFT(D34,7) -> H030069
A35: 2025-08-25T13:22:55.304Z | B35: 2025-08-25T13:51:15.147+08 | C35: 2025-08-25T14:52:27.078+08 | D35: H030069017 | E35: 2184 | F35: team_c,team_d | G35: N7814260 | H35: Jemma Marie Tillo | K35: ICM_follow_up_launch | L35: uuid:924acf84-80db-4934-9e34-f80ce2ad0456 | N35: 1 | O35: team_c,team_d | P35: For Revisit | Q35: =LEFT(D35,7) -> H030069
A36: 2025-08-25T13:30:12.654Z | B36: 2025-08-25T10:37:26.605+08 | C36: 2025-08-25T11:46:57.060+08 | D36: H030769024 | E36: 3964 | F36: team_a,team_b | G36: B8193462 | H36: Mark Lorens Mendoza Gilongo | K36: ICM_follow_up_launch | L36: uuid:d63e36b0-f056-4066-8774-13269f78cb0a | N36: 1 | O36: team_a,team_b | P36: For Revisit | Q36: =LEFT(D36,7) -> H030769
... A39: 2025-08-25T13:34:06.558Z | B39: 2025-08-25T12:18:48.162+08 | C39: 2025-08-25T13:46:02.164+08 | D39: H030769018 | E39: 5234 | F39: team_a,team_b | G39: G5472901 | H39: Wellyn Grace Alaban Parcia | K39: ICM_follow_up_launch | L39: uuid:5365d0a5-988f-441c-926c-7836daaa3e0d | N39: 1 | O39: team_a,team_b | P39: For Revisit | Q39: =LEFT(D39,7) -> H030769
A40: 2025-08-25T13:36:15.090Z | B40: 2025-08-25T14:27:59.282+08 | C40: 2025-08-25T21:30:46.472+08 | D40: H030769028 | E40: 6675 | F40: team_a,team_b | G40: 896791 | H40: Roland A. Bandiola jr | K40: ICM_follow_up_launch | L40: uuid:51d96826-485a-4c0e-ac5f-a46f8c51151c | N40: 1 | O40: team_a,team_b | P40: For Revisit | Q40: =LEFT(D40,7) -> H030769
A41: 2025-08-25T13:36:16.341Z | B41: 2025-08-25T12:06:33.837+08 | C41: 2025-08-25T13:41:43.096+08 | D41: H030769023 | E41: 5709 | F41: team_a,team_b | G41: 896791 | H41: Roland A. Bandiola jr | K41: ICM_follow_up_launch | L41: uuid:fdde6473-5322-4344-a59a-38801126a3e0 | N41: 1 | O41: team_a,team_b | P41: For Revisit | Q41: =LEFT(D41,7) -> H030769
A42: 2025-08-25T13:36:16.953Z | B42: 2025-08-25T09:46:41.105+08 | C42: 2025-08-25T11:52:56.943+08 | D42: H030769029 | E42: 7577 | F42: team_a,team_b | G42: 896791 | H42: Roland A. Bandiola jr | K42: ICM_follow_up_launch | L42: uuid:4b76266f-9aca-4c50-ae51-58c49f305e0a | N42: 1 | O42: team_a,team_b | P42: For Revisit | Q42: =LEFT(D42,7) -> H030769
A43: 2025-08-25T14:30:50.430Z | B43: 2025-08-25T12:54:53.039+08 | C43: 2025-08-25T14:20:53.301+08 | D43: H030069021 | E43: 5160 | F43: team_c,team_d | G43: P1068432 | H43: Mark Daniel Balagao Benson | K43: ICM_follow_up_launch | L43: uuid:192766e2-e183-4762-962e-16fd4a4c290b | N43: 1 | O43: team_c,team_d | P43: For Revisit | Q43: =LEFT(D43,7) -> H030069
A44: 2025-08-25T14:30:49.751Z | B44: 2025-08-25T10:41:34.544+08 | C44: 2025-08-25T12:40:04.683+08 | D44: H030069019 | E44: 7111 | F44: team_c,team_d | G44: P1068432 | H44: Mark Daniel Balagao Benson | K44: ICM_follow_up_launch | L44: uuid:d69dbb30-9743-414c-acf9-d1c496853518 | N44: 1 | O44: team_c,team_d | P44: For Revisit | Q44: =LEFT(D44,7) -> H030069
A45: 2025-08-25T22:11:08.185Z | B45: 2025-08-25T12:19:01.348+08 | C45: 2025-08-25T13:50:59.230+08 | D45: H030243016 | E45: 5472 | F45: team_e,team_f | G45: 642334 | H45: Marvin Mondia | K45: ICM_follow_up_launch | L45: uuid:1a6be4c0-fb60-4b11-a48a-07d2926cc897 | N45: 1 | O45: team_e,team_f | P45: For Revisit | Q45: =LEFT(D45,7) -> H030243
A46: 2025-08-25T22:11:09.134Z | B46: 2025-08-25T14:16:29.962+08 | C46: 2025-08-25T14:54:55.516+08 | D46: H030243017 | E46: 2306 | F46: team_e,team_f | G46: 642334 | H46: Marvin Mondia | K46: ICM_follow_up_launch | L46: uuid:f43997e6-05c1-4e21-af12-79a5f8bd28ab | N46: 1 | O46: team_e,team_f | P46: For Revisit | Q46: =LEFT(D46,7) -> H030243
A47: 2025-08-25T22:11:10.104Z | B47: 2025-08-25T09:53:42.327+08 | C47: 2025-08-26T06:10:20.714+08 | D47: H030243018 | E47: 8555 | F47: team_e,team_f | G47: 642334 | H47: Marvin Mondia | K47: ICM_follow_up_launch | L47: uuid:733acfa3-7d91-4b9e-8a37-31bbe4eac15a | N47: 1 | O47: team_e,team_f | P47: For Revisit | Q47: =LEFT(D47,7) -> H030243
A48: 2025-08-26T09:58:55.348Z | B48: 2025-08-26T09:37:13.487+08 | C48: 2025-08-26T10:52:17.207+08 | D48: H019505030 | E48: 3878 | F48: team_e | G48: 729375 | H48: Janet Serafica | K48: ICM_follow_up_launch | L48: uuid:d36c3d46-8c0e-4564-ae1f-173151184948 | M48: 1 | N48: 1 | O48: team_e | P48: For Revisit | Q48: =LEFT(D48,7) -> H019505
A49: 2025-08-26T09:58:56.970Z | B49: 2025-08-26T11:10:24.428+08 | C49: 2025-08-26T11:55:14.432+08 | D49: H019505016 | E49: 2602 | F49: team_e | G49: 729375 | H49: Janet Serafica | K49: ICM_follow_up_launch | L49: uuid:d936c41a-d5ff-4cff-8498-c5f423b030b7 | M49: 1 | N49: 1 | O49: team_e | P49: For Revisit | Q49: =LEFT(D49,7) -> H019505
A50: 2025-08-26T09:58:57.744Z | B50: 2025-08-26T15:47:16.367+08 | C50: 2025-08-26T16:21:36.045+08 | D50: H019505029 | E50: 2019 | F50: team_e | G50: 729375 | H50: Janet Serafica | K50: ICM_follow_up_launch | L50: uuid:c9dddf31-da43-42ba-8e6d-5c0cc7979c02 | M50: 1 | N50: 1 | O50: team_e | P50: For Revisit | Q50: =LEFT(D50,7) -> H019505
A51: 2025-08-26T11:08:03.143Z | B51: 2025-08-26T10:39:43.128+08 | C51: 2025-08-26T12:44:02.164+08 | D51: H019505033 | E51: 7459 | F51: team_e | G51: S2671943 | H51: Marvin Mondia | K51: ICM_follow_up_launch | L51: uuid:071d2c05-5c82-47af-927e-2bcc24f7cb02 | M51: 1 | N51: 1 | O51: team_e | P51: For Revisit | Q51: =LEFT(D51,7) -> H019505
A52: 2025-08-26T11:08:06.599Z | B52: 2025-08-26T15:34:06.981+08 | C52: 2025-08-26T16:54:03.202+08 | D52: H019505025 | E52: 4781 | F52: team_e | G52: S2671943 | H52: Marvin Mondia | K52: ICM_follow_up_launch | L52: uuid:4f30663e-2a88-4608-b391-ba34f80fcd52 | M52: 1 | N52: 1 | O52: team_e | P52: For Revisit | Q52: =LEFT(D52,7) -> H019505
A53: 2025-08-26T11:22:52.641Z | B53: 2025-08-26T09:04:29.066+08 | C53: 2025-08-26T10:29:49.024+08 | D53: H019575018 | E53: 4718 | F53: team_f | G53: 555127 | H53: Mary May | K53: ICM_follow_up_launch | L53: uuid:7c01325f-b8c0-4df4-92be-84af0f421782 | M53: 2 | N53: 1 | O53: team_f | P53: For Revisit | Q53: =LEFT(D53,7) -> H019575
A54: 2025-08-26T11:22:57.233Z | B54: 2025-08-26T12:07:31.250+08 | C54: 2025-08-26T13:04:02.387+08 | D54: H019575021 | E54: 3384 | F54: team_f | G54: 555127 | H54: Mary May | K54: ICM_follow_up_launch | L54: uuid:032e5b55-effa-4822-9a8f-f3c6df610b9f | M54: 2 | N54: 1 | O54: team_f | P54: For Revisit | Q54: =LEFT(D54,7) -> H019575
A55: 2025-08-26T11:22:56.908Z | B55: 2025-08-26T10:48:54.928+08 | C55: 2025-08-26T11:40:32.851+08 | D55: H019575031 | E55: 3037 | F55: team_f | G55: 555127 | H55: Mary May | K55: ICM_follow_up_launch | L55: uuid:43ab4656-dc70-490a-9328-fc9b4c976d79 | M55: 2 | N55: 1 | O55: team_f | P55: For Revisit | Q55: =LEFT(D55,7) -> H019575
A56: 2025-08-26T11:22:57.615Z | B56: 2025-08-26T14:42:56.856+08 | C56: 2025-08-26T15:25:24.651+08 | D56: H019575027 | E56: 2548 | F56: team_f | G56: 555127 | H56: Mary May | K56: ICM_follow_up_launch | L56: uuid:fe625fa0-ca74-4056-b014-1c88e8ce8115 | M56: 2 | N56: 1 | O56: team_f | P56: For Revisit | Q56: =LEFT(D56,7) -> H019575
A57: 2025-08-26T11:24:06.197Z | B57: 2025-08-26T10:21:44.001+08 | C57: 2025-08-26T11:52:13.389+08 | D57: H019505017 | E57: 5229 | F57: team_e | G57: 859767 | H57: Ramie De Pedro Jr. | K57: ICM_follow_up_launch | L57: uuid:65370b6c-e141-4952-8bc9-0284e50504f4 | M57: 1 | N57: 1 | O57: team_e | P57: For Revisit | Q57: =LEFT(D57,7) -> H019505
A58: 2025-08-26T11:24:07.124Z | B58: 2025-08-26T12:19:42.256+08 | C58: 2025-08-26T14:34:06.869+08 | D58: H019505018 | E58: 7348 | F58: team_e | G58: 859767 | H58: Ramie De Pedro Jr. | K58: ICM_follow_up_launch | L58: uuid:7377dfb0-8b85-4c23-ae57-e2a3c6f9be40 | M58: 1 | N58: 1 | O58: team_e | P58: For Revisit | Q58: =LEFT(D58,7) -> H019505
A59: 2025-08-26T11:24:07.478Z | B59: 2025-08-26T15:28:39.292+08 | C59: 2025-08-26T17:10:13.856+08 | D59: H019505019 | E59: 6024 | F59: team_e | G59: 859767 | H59: Ramie De Pedro Jr. | K59: ICM_follow_up_launch | L59: uuid:c784a9d9-714b-4aed-b5ef-e4326ed8a9b4 | M59: 1 | N59: 1 | O59: team_e | P59: For Revisit | Q59: =LEFT(D59,7) -> H019505
A60: 2025-08-26T11:26:43.332Z | B60: 2025-08-26T08:37:19.402+08 | C60: 2025-08-26T10:09:21.905+08 | D60: H030255019 | E60: 5523 | F60: team_d | G60: N7814260 | H60: Jemma Marie Tillo | K60: ICM_follow_up_launch | L60: uuid:5bf5cf3f-6c25-4e54-8884-ef3b9d73ff1e | M60: 3 | N60: 1 | O60: team_d | P60: For Revisit | Q60: =LEFT(D60,7) -> H030255
A61: 2025-08-26T11:26:44.315Z | B61: 2025-08-26T12:34:04.911+08 | C61: 2025-08-26T13:34:39.925+08 | D61: H030255022 | E61: 3635 | F61: team_d | G61: N7814260 | H61: Jemma Marie Tillo | K61: ICM_follow_up_launch | L61: uuid:9d903af7-214b-40c0-83c5-1d449d7e4021 | M61: 3 | N61: 1 | O61: team_d | P61: For Revisit | Q61: =LEFT(D61,7) -> H030255
A62: 2025-08-26T11:26:43.832Z | B62: 2025-08-26T10:36:23.785+08 | C62: 2025-08-26T11:38:27.251+08 | D62: H030255017 | E62: 3723 | F62: team_d | G62: N7814260 | H62: Jemma Marie Tillo | K62: ICM_follow_up_launch | L62: uuid:b434c0b7-0691-473b-8aea-da12e7c9c109 | M62: 3 | N62: 1 | O62: team_d | P62: For Revisit | Q62: =LEFT(D62,7) -> H030255
A63: 2025-08-26T11:36:13.299Z | B63: 2025-08-26T09:22:19.133+08 | C63: 2025-08-26T10:55:35.602+08 | D63: H019575016 | E63: 5596 | F63: team_f | G63: 841329 | H63: Aila Eli | K63: ICM_follow_up_launch | L63: uuid:8ba7bb66-e109-4f41-98e4-2d310f4be2ee | M63: 2 | N63: 1 | O63: team_f | P63: For Revisit | Q63: =LEFT(D63,7) -> H019575
A64: 2025-08-26T11:36:14.355Z | B64: 2025-08-26T11:44:48.071+08 | C64: 2025-08-26T14:03:44.150+08 | D64: H019575019 | E64: 6366 | F64: team_f | G64: 841329 | H64: Aila Eli | K64: ICM_follow_up_launch | L64: uuid:c4af318e-52d4-4659-a2b8-e6f3694729c6 | M64: 2 | N64: 1 | O64: team_f | P64: For Revisit | Q64: =LEFT(D64,7) -> H019575
A65: 2025-08-26T11:36:15.524Z | B65: 2025-08-26T14:20:06.142+08 | C65: 2025-08-26T15:22:29.017+08 | D65: H019575025 | E65: 3743 | F65: team_f | G65: 841329 | H65: Aila Eli | K65: ICM_follow_up_launch | L65: uuid:a46d1b3d-0f17-4c38-a71a-3692b662bf71 | M65: 2 | N65: 1 | O65: team_f | P65: For Revisit | Q65: =LEFT(D65,7) -> H019575
A66: 2025-08-26T11:38:31.026Z | B66: 2025-08-26T09:21:14.740+08 | C66: 2025-08-26T09:57:22.910+08 | D66: H030375033 | E66: 2168 | F66: team_c | G66: L2057896 | H66: Franz Reoben Posadas Geneblaza | K66: ICM_follow_up_launch | L66: uuid:363937bc-9358-4b59-8b07-e719cac9f6cc | M66: 1 | N66: 1 | O66: team_c | P66: For Revisit | Q66: =LEFT(D66,7) -> H030375
A67: 2025-08-26T11:38:31.809Z | B67: 2025-08-26T10:30:05.729+08 | C67: 2025-08-26T11:14:17.820+08 | D67: H030375035 | E67: 2652 | F67: team_c | G67: L2057896 | H67: Franz Reoben Posadas Geneblaza | K67: ICM_follow_up_launch | L67: uuid:908b063b-c49b-422a-8994-d3a3b4511318 | M67: 1 | N67: 1 | O67: team_c | P67: For Revisit | Q67: =LEFT(D67,7) -> H030375
A68: 2025-08-26T11:38:32.543Z | B68: 2025-08-26T14:00:45.631+08 | C68: 2025-08-26T15:04:47.241+08 | D68: H030375028 | E68: 3842 | F68: team_c | G68: L2057896 | H68: Franz Reoben Posadas Geneblaza | K68: ICM_follow_up_launch | L68: uuid:c216e14f-58e3-489d-8968-67110ea553bf | M68: 1 | N68: 1 | O68: team_c | P68: For Revisit | Q68: =LEFT(D68,7) -> H030375
A69: 2025-08-26T11:39:07.913Z | B69: 2025-08-26T12:40:35.421+08 | C69: 2025-08-26T13:26:13.922+08 | D69: H030821016 | E69: 2186 | F69: team_b | G69: H2846135 | H69: Annalou Empanado Encontro | K69: ICM_follow_up_launch | L69: uuid:4a8904f2-605a-450c-b36c-baf205fd465a | M69: 3 | N69: 1 | O69: team_b | P69: For Revisit | Q69: =LEFT(D69,7) -> H030821
A70: 2025-08-26T11:39:09.005Z | B70: 2025-08-26T09:21:26.385+08 | C70: 2025-08-26T09:49:02.812+08 | D70: H030821025 | E70: 1656 | F70: team_b | G70: H2846135 | H70: Annalou Empanado Encontro | K70: ICM_follow_up_launch | L70: uuid:2f277270-3880-4813-ba21-a246bd763ac7 | M70: 3 | N70: 1 | O70: team_b | P70: For Revisit | Q70: =LEFT(D70,7) -> H030821
A71: 2025-08-26T11:39:09.495Z | B71: 2025-08-26T10:23:05.498+08 | C71: 2025-08-26T11:24:46.774+08 | D71: H030821019 | E71: 3723 | F71: team_b | G71: H2846135 | H71: Annalou Empanado Encontro | K71: ICM_follow_up_launch | L71: uuid:56b551cd-9ceb-4b70-9240-249a8e1415aa | M71: 3 | N71: 1 | O71: team_b | P71: For Revisit | Q71: =LEFT(D71,7) -> H030821
A72: 2025-08-26T11:39:10.019Z | B72: 2025-08-26T13:53:14.409+08 | C72: 2025-08-26T15:23:27.371+08 | D72: H030821032 | E72: 5338 | F72: team_b | G72: H2846135 | H72: Annalou Empanado Encontro | K72: ICM_follow_up_launch | L72: uuid:58086221-18ec-4bb3-abba-e1d44fb89c54 | M72: 3 | N72: 1 | O72: team_b | P72: For Revisit | Q72: =LEFT(D72,7) -> H030821
A73: 2025-08-26T11:41:46.367Z | B73: 2025-08-26T15:07:52.702+08 | C73: 2025-08-26T16:36:00.433+08 | D73: H030821018 | E73: 5288 | F73: team_b | G73: G5472901 | H73: Wellyn Grace Alaban Parcia | K73: ICM_follow_up_launch | L73: uuid:9b3f5c03-c6a1-40ec-85ce-ae2e77d179ce | M73: 3 | N73: 1 | O73: team_b | P73: For Revisit | Q73: =LEFT(D73,7) -> H030821
A74: 2025-08-26T11:41:52.820Z | B74: 2025-08-26T12:41:45.797+08 | C74: 2025-08-26T13:52:28.381+08 | D74: H030821021 | E74: 4253 | F74: team_b | G74: G5472901 | H74: Wellyn Grace Alaban Parcia | K74: ICM_follow_up_launch | L74: uuid:e59250f2-9a4e-427e-afa3-f6737833abe0 | M74: 3 | N74: 1 | O74: team_b | P74: For Revisit | Q74: =LEFT(D74,7) -> H030821
A75: 2025-08-26T11:41:58.380Z | B75: 2025-08-26T10:13:26.401+08 | C75: 2025-08-26T11:20:50.280+08 | D75: H030821027 | E75: 4008 | F75: team_b | G75: G5472901 | H75: Wellyn Grace Alaban Parcia | K75: ICM_follow_up_launch | L75: uuid:eed92d7d-8e7b-4aa1-a7ef-5c7fb7284b0d | M75: 3 | N75: 1 | O75: team_b | P75: For Revisit | Q75: =LEFT(D75,7) -> H030821
A76: 2025-08-26T11:49:52.293Z | B76: 2025-08-26T09:10:02.983+08 | C76: 2025-08-26T10:19:12.659+08 | D76: H019575020 | E76: 4150 | F76: team_f | G76: 455939 | H76: Mary Jean Villaflor | K76: ICM_follow_up_launch | L76: uuid:58eb9512-174e-4e57-ac68-bdc54e35ccff | M76: 2 | N76: 1 | O76: team_f | P76: For Revisit | Q76: =LEFT(D76,7) -> H019575
A77: 2025-08-26T11:49:57.186Z | B77: 2025-08-26T10:49:45.840+08 | C77: 2025-08-26T11:26:02.653+08 | D77: H019575026 | E77: 2177 | F77: team_f | G77: 455939 | H77: Mary Jean Villaflor | K77: ICM_follow_up_launch | L77: uuid:8acfd982-42c7-419f-b49e-7181e4565315 | M77: 2 | N77: 1 | O77: team_f | P77: For Revisit | Q77: =LEFT(D77,7) -> H019575
A78: 2025-08-26T11:49:59.033Z | B78: 2025-08-26T11:46:16.615+08 | C78: 2025-08-26T12:45:40.651+08 | D78: H019575034 | E78: 3564 | F78: team_f | G78: 455939 | H78: Mary Jean Villaflor | K78: ICM_follow_up_launch | L78: uuid:12b3a57c-fd26-4b8c-ad18-7e3d06474f55 | M78: 2 | N78: 1 | O78: team_f | P78: For Revisit | Q78: =LEFT(D78,7) -> H019575
A79: 2025-08-26T11:50:00.767Z | B79: 2025-08-26T13:03:41.322+08 | C79: 2025-08-26T13:31:09.495+08 | D79: H019575029 | E79: 1648 | F79: team_f | G79: 455939 | H79: Mary Jean Villaflor | K79: ICM_follow_up_launch | L79: uuid:7563ef54-50b3-4c2c-bd0a-83855ac6ef2d | M79: 2 | N79: 1 | O79: team_f | P79: For Revisit | Q79: =LEFT(D79,7) -> H019575
A80: 2025-08-26T12:02:08.693Z | B80: 2025-08-26T08:46:35.200+08 | C80: 2025-08-26T09:32:21.149+08 | D80: H030255021 | E80: 2746 | F80: team_d | G80: O3925718 | H80: Adrian Montecastro Ferrer | K80: ICM_follow_up_launch | L80: uuid:01f9ef66-2f3f-40c9-aea4-6331617d5eac | M80: 3 | N80: 1 | O80: team_d | P80: For Revisit | Q80: =LEFT(D80,7) -> H030255
A81: 2025-08-26T12:02:10.994Z | B81: 2025-08-26T12:41:28.004+08 | C81: 2025-08-26T13:42:00.082+08 | D81: H030255024 | E81: 3632 | F81: team_d | G81: O3925718 | H81: Adrian Montecastro Ferrer | K81: ICM_follow_up_launch | L81: uuid:35734219-54b7-4e99-b638-763fc08d6334 | M81: 3 | N81: 1 | O81: team_d | P81: For Revisit | Q81: =LEFT(D81,7) -> H030255
A82: 2025-08-26T12:02:11.603Z | B82: 2025-08-26T14:44:07.897+08 | C82: 2025-08-26T20:01:22.378+08 | D82: H030255030 | E82: 6102 | F82: team_d | G82: O3925718 | H82: Adrian Montecastro Ferrer | K82: ICM_follow_up_launch | L82: uuid:02fa38ad-b0d6-4968-9943-cfc2590f5c76 | M82: 3 | N82: 1 | O82: team_d | P82: For Revisit | Q82: =LEFT(D82,7) -> H030255
A83: 2025-08-26T12:02:12.007Z | B83: 2025-08-26T10:10:06.960+08 | C83: 2025-08-26T11:48:11.933+08 | D83: H030255020 | E83: 5885 | F83: team_d | G83: O3925718 | H83: Adrian Montecastro Ferrer | K83: ICM_follow_up_launch | L83: uuid:cc3f6fee-6bcb-4b1d-b0b2-0928d49912d3 | M83: 3 | N83: 1 | O83: team_d | P83: For Revisit | Q83: =LEFT(D83,7) -> H030255
A84: 2025-08-26T12:09:12.194Z | B84: 2025-08-26T09:11:13.015+08 | C84: 2025-08-26T10:09:58.704+08 | D84: H030375034 | E84: 3478 | F84: team_c | G84: J4315980 | H84: Trixie Marie Jardeleza Saber | K84: ICM_follow_up_launch | L84: uuid:50a3f086-433c-4537-9738-54999f8c1386 | M84: 1 | N84: 1 | O84: team_c | P84: For Revisit | Q84: =LEFT(D84,7) -> H030375
A85: 2025-08-26T12:09:13.217Z | B85: 2025-08-26T13:10:30.874+08 | C85: 2025-08-26T14:10:02.029+08 | D85: H030375021 | E85: 3096 | F85: team_c | G85: J4315980 | H85: Trixie Marie Jardeleza Saber | K85: ICM_follow_up_launch | L85: uuid:7848d247-9f4e-46fb-bf19-46827b0d3112 | M85: 1 | N85: 1 | O85: team_c | P85: For Revisit | Q85: =LEFT(D85,7) -> H030375
A86: 2025-10-02T08:53:10.164Z | B86: 2025-10-02T07:48:18.676+08 | C86: 2025-10-02T09:05:50.380+08 | D86: H030375027 | E86: 4614 | F86: team_c | G86: J4315980 | H86: Trixie Marie Jardeleza Saber | I86: I9761042 | K86: ICM_follow_up_launch | L86: uuid:97da6157-b897-4810-a972-a529b0e999df | M86: 1 | N86: 1 | O86: team_c | P86: Completed | Q86: =LEFT(D86,7) -> H030375
A87: 2025-08-26T12:09:16.296Z | B87: 2025-08-26T10:40:31.686+08 | C87: 2025-08-26T12:12:10.901+08 | D87: H030375022 | E87: 5499 | F87: team_c | G87: J4315980 | H87: Trixie Marie Jardeleza Saber | K87: ICM_follow_up_launch | L87: uuid:e1f4bdff-2fb6-4ca3-8baf-2b647e5310fe | M87: 1 | N87: 1 | O87: team_c | P87: For Revisit | Q87: =LEFT(D87,7) -> H030375
A88: 2025-08-26T12:10:25.354Z | B88: 2025-08-26T08:59:51.028+08 | C88: 2025-08-26T10:19:07.314+08 | D88: H030129080 | E88: 4618 | F88: team_a | G88: D1284067 | H88: Mariel Del Rio | K88: ICM_follow_up_launch | L88: uuid:408aa71e-ddb1-439a-bffc-dfc47ed4214a | M88: 0 | N88: 1 | O88: team_a | P88: For Revisit | Q88: =LEFT(D88,7) -> H030129
A89: 2025-08-26T12:10:32.084Z | B89: 2025-08-26T10:29:03.318+08 | C89: 2025-08-26T20:03:59.758+08 | D89: H030129017 | E89: 11654 | F89: team_a | G89: D1284067 | H89: Mariel Del Rio | K89: ICM_follow_up_launch | L89: uuid:50cff2f8-6f27-4810-9b15-4bef7c2b2ac0 | M89: 0 | N89: 1 | O89: team_a | P89: For Revisit | Q89: =LEFT(D89,7) -> H030129
A90: 2025-08-26T12:12:24.842Z | B90: 2025-08-26T08:54:18.601+08 | C90: 2025-08-26T17:26:01.246+08 | D90: H030129035 | E90: 5516 | F90: team_a | G90: 896791 | H90: Roland A. Bandiola jr | K90: ICM_follow_up_launch | L90: uuid:98878ac2-5268-4718-83f6-74300ac0575f | M90: 0 | N90: 1 | O90: team_a | P90: For Revisit | Q90: =LEFT(D90,7) -> H030129
A91: 2025-08-26T12:12:25.650Z | B91: 2025-08-26T10:28:47.974+08 | C91: 2025-08-26T19:38:47.654+08 | D91: H030129016 | E91: 7494 | F91: team_a | G91: 896791 | H91: Roland A. Bandiola jr | K91: ICM_follow_up_launch | L91: uuid:3b4b4b0d-6e0d-45ff-958f-5c17cdef96d7 | M91: 0 | N91: 1 | O91: team_a | P91: For Revisit | Q91: =LEFT(D91,7) -> H030129
A92: 2025-08-26T12:12:26.249Z | B92: 2025-08-26T12:34:18.103+08 | C92: 2025-08-26T20:02:36.509+08 | D92: H030129018 | E92: 8571 | F92: team_a | G92: 896791 | H92: Roland A. Bandiola jr | K92: ICM_follow_up_launch | L92: uuid:dcfd7a44-a827-455c-8b35-15913138b089 | M92: 0 | N92: 1 | O92: team_a | P92: For Revisit | Q92: =LEFT(D92,7) -> H030129
A93: 2025-08-26T12:17:53.157Z | B93: 2025-08-26T08:59:31.473+08 | C93: 2025-08-26T10:03:25.058+08 | D93: H030129023 | E93: 3570 | F93: team_a | G93: B8193462 | H93: Mark Lorens Mendoza Gilongo | K93: ICM_follow_up_launch | L93: uuid:d2e38c7e-30ed-4311-a651-5fbd432bf495 | M93: 0 | N93: 1 | O93: team_a | P93: For Revisit | Q93: =LEFT(D93,7) -> H030129
A94: 2025-08-26T12:17:54.243Z | B94: 2025-08-26T11:32:21.835+08 | C94: 2025-08-26T20:04:49.525+08 | D94: H030129025 | E94: 6775 | F94: team_a | G94: B8193462 | H94: Mark Lorens Mendoza Gilongo | K94: ICM_follow_up_launch | L94: uuid:05a33630-2f0a-4cdb-9b57-5af15b62ccea | M94: 0 | N94: 1 | O94: team_a | P94: For Revisit | Q94: =LEFT(D94,7) -> H030129
A95: 2025-08-26T12:17:53.843Z | B95: 2025-08-26T10:05:24.887+08 | C95: 2025-08-26T11:32:03.006+08 | D95: H030129020 | E95: 4683 | F95: team_a | G95: B8193462 | H95: Mark Lorens Mendoza Gilongo | K95: ICM_follow_up_launch | L95: uuid:f28fb750-a7a8-4934-98a7-2ab3cb2171aa | M95: 0 | N95: 1 | O95: team_a | P95: For Revisit | Q95: =LEFT(D95,7) -> H030129
A96: 2025-08-26T12:25:23.404Z | B96: 2025-08-26T08:54:05.233+08 | C96: 2025-08-26T10:02:57.412+08 | D96: H030375019 | E96: 4151 | F96: team_c | G96: K8623174 | H96: Marielle Kaye Ignacio Alonzo | K96: ICM_follow_up_launch | L96: uuid:eadebf48-29b5-45fe-8fa6-3baf674db291 | M96: 1 | N96: 1 | O96: team_c | P96: For Revisit | Q96: =LEFT(D96,7) -> H030375
A97: 2025-08-26T12:25:23.633Z | B97: 2025-08-26T10:22:01.122+08 | C97: 2025-08-26T11:02:18.379+08 | D97: H030375020 | E97: 2423 | F97: team_c | G97: K8623174 | H97: Marielle Kaye Ignacio Alonzo | K97: ICM_follow_up_launch | L97: uuid:082fda3b-9577-4f20-8890-02f400c52fbc | M97: 1 | N97: 1 | O97: team_c | P97: For Revisit | Q97: =LEFT(D97,7) -> H030375
A98: 2025-08-26T12:25:23.885Z | B98: 2025-08-26T14:01:27.527+08 | C98: 2025-08-26T15:09:05.585+08 | D98: H030375029 | E98: 4059 | F98: team_c | G98: K8623174 | H98: Marielle Kaye Ignacio Alonzo | K98: ICM_follow_up_launch | L98: uuid:1b094e95-dee5-474e-b109-91f94150440e | M98: 1 | N98: 1 | O98: team_c | P98: For Revisit | Q98: =LEFT(D98,7) -> H030375
A99: 2025-08-26T12:25:24.427Z | B99: 2025-08-26T15:50:38.673+08 | C99: 2025-08-26T16:40:45.377+08 | D99: H030375024 | E99: 3007 | F99: team_c | G99: K8623174 | H99: Marielle Kaye Ignacio Alonzo | K99: ICM_follow_up_launch | L99: uuid:3d9e475a-3752-4a9c-80af-35f5c6336460 | M99: 1 | N99: 1 | O99: team_c | P99: For Revisit | Q99: =LEFT(D99,7) -> H030375
A100: 2025-08-26T12:49:18.795Z | B100: 2025-08-26T09:21:36.295+08 | C100: 2025-08-26T10:31:19.117+08 | D100: H030821022 | E100: 4183 | F100: team_b | G100: F3051749 | H100: Elenita Gicos De La Pe�a | K100: ICM_follow_up_launch | L100: uuid:846ba56f-7615-4788-be8a-d4a06af12dc5 | M100: 3 | N100: 1 | O100: team_b | P100: For Revisit | Q100: =LEFT(D100,7) -> H030821
A101: 2025-08-26T12:49:19.569Z | B101: 2025-08-26T11:15:59.348+08 | C101: 2025-08-26T13:35:23.008+08 | D101: H030821029 | E101: 8373 | F101: team_b | G101: F3051749 | H101: Elenita Gicos De La Pe�a | K101: ICM_follow_up_launch | L101: uuid:6c789529-9759-457c-b58c-0fcfb88e69f2 | M101: 3 | N101: 1 | O101: team_b | P101: For Revisit | Q101: =LEFT(D101,7) -> H030821
A102: 2025-08-26T12:49:43.438Z | B102: 2025-08-26T08:56:37.564+08 | C102: 2025-08-26T10:04:20.379+08 | D102: H030375018 | E102: 4064 | F102: team_c | G102: M6491032 | H102: Rosevil Tayo Desamparado | K102: ICM_follow_up_launch | L102: uuid:7aaa3266-57b8-4fe6-b26f-29eaebe9fb27 | M102: 1 | N102: 1 | O102: team_c | P102: For Revisit | Q102: =LEFT(D102,7) -> H030375
...

Sheet dataICM
A1: =IFERROR(__xludf.DUMMYFUNCTION("IMPORTRANGE(""https://docs.google.com/spreadsheets/d/1BWcUWV5RhuYjhkz2Gmwj8nSDrlzdBDqlC055FELAcO0/edit?gid=1682311788#gid=1682311788"", ""data!A:J"")"),"SubmissionDate") -> SubmissionDate | B1: =IFERROR(__xludf.DUMMYFUNCTION("""COMPUTED_VALUE"""),"starttime") -> starttime | C1: =IFERROR(__xludf.DUMMYFUNCTION("""COMPUTED_VALUE"""),"endtime") -> endtime | D1: =IFERROR(__xludf.DUMMYFUNCTION("""COMPUTED_VALUE"""),"caseid") -> caseid | E1: =IFERROR(__xludf.DUMMYFUNCTION("""COMPUTED_VALUE"""),"fo_id") -> fo_id | F1: =IFERROR(__xludf.DUMMYFUNCTION("""COMPUTED_VALUE"""),"fo_name") -> fo_name | G1: =IFERROR(__xludf.DUMMYFUNCTION("""COMPUTED_VALUE"""),"fc_id") -> fc_id | H1: =IFERROR(__xludf.DUMMYFUNCTION("""COMPUTED_VALUE"""),"fc_name") -> fc_name | I1: =IFERROR(__xludf.DUMMYFUNCTION("""COMPUTED_VALUE"""),"formdef_id") -> formdef_id | J1: =IFERROR(__xludf.DUMMYFUNCTION("""COMPUTED_VALUE"""),"KEY") -> KEY
A2: =IFERROR(__xludf.DUMMYFUNCTION("""COMPUTED_VALUE"""),"2025-08-26T09:58:56.319Z") -> 2025-08-26T09:58:56.319Z | B2: =IFERROR(__xludf.DUMMYFUNCTION("""COMPUTED_VALUE"""),"2025-08-26T10:52:24.380+08") -> 2025-08-26T10:52:24.380+08 | C2: =IFERROR(__xludf.DUMMYFUNCTION("""COMPUTED_VALUE"""),"2025-08-26T11:05:32.574+08") -> 2025-08-26T11:05:32.574+08 | D2: =IFERROR(__xludf.DUMMYFUNCTION("""COMPUTED_VALUE"""),"H019505030") -> H019505030 | E2: =IFERROR(__xludf.DUMMYFUNCTION("""COMPUTED_VALUE"""),729375.0) -> 729375 | F2: =IFERROR(__xludf.DUMMYFUNCTION("""COMPUTED_VALUE"""),"Janet Serafica") -> Janet Serafica | I2: =IFERROR(__xludf.DUMMYFUNCTION("""COMPUTED_VALUE"""),"ICM_Business_linked_launch") -> ICM_Business_linked_launch | J2: =IFERROR(__xludf.DUMMYFUNCTION("""COMPUTED_VALUE"""),"uuid:7059b204-34b6-4769-a2c3-17ad4a9f91bc") -> uuid:7059b204-34b6-4769-a2c3-17ad4a9f91bc
A3: =IFERROR(__xludf.DUMMYFUNCTION("""COMPUTED_VALUE"""),"2025-08-26T09:58:57.308Z") -> 2025-08-26T09:58:57.308Z | B3: =IFERROR(__xludf.DUMMYFUNCTION("""COMPUTED_VALUE"""),"2025-08-26T11:55:19.232+08") -> 2025-08-26T11:55:19.232+08 | C3: =IFERROR(__xludf.DUMMYFUNCTION("""COMPUTED_VALUE"""),"2025-08-26T12:05:20.601+08") -> 2025-08-26T12:05:20.601+08 | D3: =IFERROR(__xludf.DUMMYFUNCTION("""COMPUTED_VALUE"""),"H019505016") -> H019505016 | E3: =IFERROR(__xludf.DUMMYFUNCTION("""COMPUTED_VALUE"""),729375.0) -> 729375 | F3: =IFERROR(__xludf.DUMMYFUNCTION("""COMPUTED_VALUE"""),"Janet Serafica") -> Janet Serafica | I3: =IFERROR(__xludf.DUMMYFUNCTION("""COMPUTED_VALUE"""),"ICM_Business_linked_launch") -> ICM_Business_linked_launch | J3: =IFERROR(__xludf.DUMMYFUNCTION("""COMPUTED_VALUE"""),"uuid:57cf2ec6-f20d-4530-9d2f-746f98586b13") -> uuid:57cf2ec6-f20d-4530-9d2f-746f98586b13
A4: =IFERROR(__xludf.DUMMYFUNCTION("""COMPUTED_VALUE"""),"2025-08-26T09:58:58.034Z") -> 2025-08-26T09:58:58.034Z | B4: =IFERROR(__xludf.DUMMYFUNCTION("""COMPUTED_VALUE"""),"2025-08-26T16:21:40.440+08") -> 2025-08-26T16:21:40.440+08 | C4: =IFERROR(__xludf.DUMMYFUNCTION("""COMPUTED_VALUE"""),"2025-08-26T16:31:25.202+08") -> 2025-08-26T16:31:25.202+08 | D4: =IFERROR(__xludf.DUMMYFUNCTION("""COMPUTED_VALUE"""),"H019505029") -> H019505029 | E4: =IFERROR(__xludf.DUMMYFUNCTION("""COMPUTED_VALUE"""),729375.0) -> 729375 | F4: =IFERROR(__xludf.DUMMYFUNCTION("""COMPUTED_VALUE"""),"Janet Serafica") -> Janet Serafica | I4: =IFERROR(__xludf.DUMMYFUNCTION("""COMPUTED_VALUE"""),"ICM_Business_linked_launch") -> ICM_Business_linked_launch | J4: =IFERROR(__xludf.DUMMYFUNCTION("""COMPUTED_VALUE"""),"uuid:5decea22-c084-4bf9-9319-015509b24494") -> uuid:5decea22-c084-4bf9-9319-015509b24494
A5: =IFERROR(__xludf.DUMMYFUNCTION("""COMPUTED_VALUE"""),"2025-08-26T11:08:04.174Z") -> 2025-08-26T11:08:04.174Z | B5: =IFERROR(__xludf.DUMMYFUNCTION("""COMPUTED_VALUE"""),"2025-08-26T12:59:09.953+08") -> 2025-08-26T12:59:09.953+08 | C5: =IFERROR(__xludf.DUMMYFUNCTION("""COMPUTED_VALUE"""),"2025-08-26T13:11:38.183+08") -> 2025-08-26T13:11:38.183+08 | D5: =IFERROR(__xludf.DUMMYFUNCTION("""COMPUTED_VALUE"""),"H019505033") -> H019505033 | E5: =IFERROR(__xludf.DUMMYFUNCTION("""COMPUTED_VALUE"""),"S2671943") -> S2671943 | F5: =IFERROR(__xludf.DUMMYFUNCTION("""COMPUTED_VALUE"""),"Marvin Mondia") -> Marvin Mondia | I5: =IFERROR(__xludf.DUMMYFUNCTION("""COMPUTED_VALUE"""),"ICM_Business_linked_launch") -> ICM_Business_linked_launch | J5: =IFERROR(__xludf.DUMMYFUNCTION("""COMPUTED_VALUE"""),"uuid:9f9a5195-c558-440c-9327-c0068b23f1d1") -> uuid:9f9a5195-c558-440c-9327-c0068b23f1d1
A6: =IFERROR(__xludf.DUMMYFUNCTION("""COMPUTED_VALUE"""),"2025-08-26T11:08:05.164Z") -> 2025-08-26T11:08:05.164Z | B6: =IFERROR(__xludf.DUMMYFUNCTION("""COMPUTED_VALUE"""),"2025-08-26T16:54:07.888+08") -> 2025-08-26T16:54:07.888+08 | C6: =IFERROR(__xludf.DUMMYFUNCTION("""COMPUTED_VALUE"""),"2025-08-26T17:05:16.217+08") -> 2025-08-26T17:05:16.217+08 | D6: =IFERROR(__xludf.DUMMYFUNCTION("""COMPUTED_VALUE"""),"H019505025") -> H019505025 | E6: =IFERROR(__xludf.DUMMYFUNCTION("""COMPUTED_VALUE"""),"S2671943") -> S2671943 | F6: =IFERROR(__xludf.DUMMYFUNCTION("""COMPUTED_VALUE"""),"Marvin Mondia") -> Marvin Mondia | I6: =IFERROR(__xludf.DUMMYFUNCTION("""COMPUTED_VALUE"""),"ICM_Business_linked_launch") -> ICM_Business_linked_launch | J6: =IFERROR(__xludf.DUMMYFUNCTION("""COMPUTED_VALUE"""),"uuid:2990674e-e623-4d26-8415-d801b24c16ee") -> uuid:2990674e-e623-4d26-8415-d801b24c16ee
A7: =IFERROR(__xludf.DUMMYFUNCTION("""COMPUTED_VALUE"""),"2025-08-26T11:22:53.167Z") -> 2025-08-26T11:22:53.167Z | B7: =IFERROR(__xludf.DUMMYFUNCTION("""COMPUTED_VALUE"""),"2025-08-26T10:29:55.627+08") -> 2025-08-26T10:29:55.627+08 | C7: =IFERROR(__xludf.DUMMYFUNCTION("""COMPUTED_VALUE"""),"2025-08-26T10:36:51.866+08") -> 2025-08-26T10:36:51.866+08 | D7: =IFERROR(__xludf.DUMMYFUNCTION("""COMPUTED_VALUE"""),"H019575018") -> H019575018 | E7: =IFERROR(__xludf.DUMMYFUNCTION("""COMPUTED_VALUE"""),555127.0) -> 555127 | F7: =IFERROR(__xludf.DUMMYFUNCTION("""COMPUTED_VALUE"""),"Mary May") -> Mary May | I7: =IFERROR(__xludf.DUMMYFUNCTION("""COMPUTED_VALUE"""),"ICM_Business_linked_launch") -> ICM_Business_linked_launch | J7: =IFERROR(__xludf.DUMMYFUNCTION("""COMPUTED_VALUE"""),"uuid:dd243afd-6c89-4924-875f-bd0756b9765e") -> uuid:dd243afd-6c89-4924-875f-bd0756b9765e
A8: =IFERROR(__xludf.DUMMYFUNCTION("""COMPUTED_VALUE"""),"2025-08-26T11:22:54.335Z") -> 2025-08-26T11:22:54.335Z | B8: =IFERROR(__xludf.DUMMYFUNCTION("""COMPUTED_VALUE"""),"2025-08-26T13:04:07.705+08") -> 2025-08-26T13:04:07.705+08 | C8: =IFERROR(__xludf.DUMMYFUNCTION("""COMPUTED_VALUE"""),"2025-08-26T13:08:22.483+08") -> 2025-08-26T13:08:22.483+08 | D8: =IFERROR(__xludf.DUMMYFUNCTION("""COMPUTED_VALUE"""),"H019575021") -> H019575021 | E8: =IFERROR(__xludf.DUMMYFUNCTION("""COMPUTED_VALUE"""),555127.0) -> 555127 | F8: =IFERROR(__xludf.DUMMYFUNCTION("""COMPUTED_VALUE"""),"Mary May") -> Mary May | I8: =IFERROR(__xludf.DUMMYFUNCTION("""COMPUTED_VALUE"""),"ICM_Business_linked_launch") -> ICM_Business_linked_launch | J8: =IFERROR(__xludf.DUMMYFUNCTION("""COMPUTED_VALUE"""),"uuid:239a3c32-0934-4eb5-81ed-4e590c3f2149") -> uuid:239a3c32-0934-4eb5-81ed-4e590c3f2149
A9: =IFERROR(__xludf.DUMMYFUNCTION("""COMPUTED_VALUE"""),"2025-08-26T11:22:53.502Z") -> 2025-08-26T11:22:53.502Z | B9: =IFERROR(__xludf.DUMMYFUNCTION("""COMPUTED_VALUE"""),"2025-08-26T11:40:36.865+08") -> 2025-08-26T11:40:36.865+08 | C9: =IFERROR(__xludf.DUMMYFUNCTION("""COMPUTED_VALUE"""),"2025-08-26T11:44:30.838+08") -> 2025-08-26T11:44:30.838+08 | D9: =IFERROR(__xludf.DUMMYFUNCTION("""COMPUTED_VALUE"""),"H019575031") -> H019575031 | E9: =IFERROR(__xludf.DUMMYFUNCTION("""COMPUTED_VALUE"""),555127.0) -> 555127 | F9: =IFERROR(__xludf.DUMMYFUNCTION("""COMPUTED_VALUE"""),"Mary May") -> Mary May | I9: =IFERROR(__xludf.DUMMYFUNCTION("""COMPUTED_VALUE"""),"ICM_Business_linked_launch") -> ICM_Business_linked_launch | J9: =IFERROR(__xludf.DUMMYFUNCTION("""COMPUTED_VALUE"""),"uuid:66575612-96a3-49d6-867d-9a54e43cd23a") -> uuid:66575612-96a3-49d6-867d-9a54e43cd23a
A10: =IFERROR(__xludf.DUMMYFUNCTION("""COMPUTED_VALUE"""),"2025-08-26T11:22:54.972Z") -> 2025-08-26T11:22:54.972Z | B10: =IFERROR(__xludf.DUMMYFUNCTION("""COMPUTED_VALUE"""),"2025-08-26T15:25:28.565+08") -> 2025-08-26T15:25:28.565+08 | C10: =IFERROR(__xludf.DUMMYFUNCTION("""COMPUTED_VALUE"""),"2025-08-26T17:59:33.431+08") -> 2025-08-26T17:59:33.431+08 | D10: =IFERROR(__xludf.DUMMYFUNCTION("""COMPUTED_VALUE"""),"H019575027") -> H019575027 | E10: =IFERROR(__xludf.DUMMYFUNCTION("""COMPUTED_VALUE"""),555127.0) -> 555127 | F10: =IFERROR(__xludf.DUMMYFUNCTION("""COMPUTED_VALUE"""),"Mary May") -> Mary May | I10: =IFERROR(__xludf.DUMMYFUNCTION("""COMPUTED_VALUE"""),"ICM_Business_linked_launch") -> ICM_Business_linked_launch | J10: =IFERROR(__xludf.DUMMYFUNCTION("""COMPUTED_VALUE"""),"uuid:4681dcc7-7951-4b32-adf0-e9e7106c4a99") -> uuid:4681dcc7-7951-4b32-adf0-e9e7106c4a99
A11: =IFERROR(__xludf.DUMMYFUNCTION("""COMPUTED_VALUE"""),"2025-08-26T11:24:06.589Z") -> 2025-08-26T11:24:06.589Z | B11: =IFERROR(__xludf.DUMMYFUNCTION("""COMPUTED_VALUE"""),"2025-08-26T11:52:20.016+08") -> 2025-08-26T11:52:20.016+08 | C11: =IFERROR(__xludf.DUMMYFUNCTION("""COMPUTED_VALUE"""),"2025-08-26T12:11:44.487+08") -> 2025-08-26T12:11:44.487+08 | D11: =IFERROR(__xludf.DUMMYFUNCTION("""COMPUTED_VALUE"""),"H019505017") -> H019505017 | E11: =IFERROR(__xludf.DUMMYFUNCTION("""COMPUTED_VALUE"""),859767.0) -> 859767 | F11: =IFERROR(__xludf.DUMMYFUNCTION("""COMPUTED_VALUE"""),"Ramie De Pedro Jr.") -> Ramie De Pedro Jr. | I11: =IFERROR(__xludf.DUMMYFUNCTION("""COMPUTED_VALUE"""),"ICM_Business_linked_launch") -> ICM_Business_linked_launch | J11: =IFERROR(__xludf.DUMMYFUNCTION("""COMPUTED_VALUE"""),"uuid:f1517d9c-d2fd-4989-93cd-1ae6fc7172eb") -> uuid:f1517d9c-d2fd-4989-93cd-1ae6fc7172eb
A12: =IFERROR(__xludf.DUMMYFUNCTION("""COMPUTED_VALUE"""),"2025-08-26T11:24:07.776Z") -> 2025-08-26T11:24:07.776Z | B12: =IFERROR(__xludf.DUMMYFUNCTION("""COMPUTED_VALUE"""),"2025-08-26T14:34:11.802+08") -> 2025-08-26T14:34:11.802+08 | C12: =IFERROR(__xludf.DUMMYFUNCTION("""COMPUTED_VALUE"""),"2025-08-26T17:59:38.649+08") -> 2025-08-26T17:59:38.649+08 | D12: =IFERROR(__xludf.DUMMYFUNCTION("""COMPUTED_VALUE"""),"H019505018") -> H019505018 | E12: =IFERROR(__xludf.DUMMYFUNCTION("""COMPUTED_VALUE"""),859767.0) -> 859767 | F12: =IFERROR(__xludf.DUMMYFUNCTION("""COMPUTED_VALUE"""),"Ramie De Pedro Jr.") -> Ramie De Pedro Jr. | I12: =IFERROR(__xludf.DUMMYFUNCTION("""COMPUTED_VALUE"""),"ICM_Business_linked_launch") -> ICM_Business_linked_launch | J12: =IFERROR(__xludf.DUMMYFUNCTION("""COMPUTED_VALUE"""),"uuid:22532a47-a5ea-44a6-a292-7ecfd3327cf3") -> uuid:22532a47-a5ea-44a6-a292-7ecfd3327cf3
A13: =IFERROR(__xludf.DUMMYFUNCTION("""COMPUTED_VALUE"""),"2025-08-26T11:24:08.080Z") -> 2025-08-26T11:24:08.080Z | B13: =IFERROR(__xludf.DUMMYFUNCTION("""COMPUTED_VALUE"""),"2025-08-26T17:10:18.517+08") -> 2025-08-26T17:10:18.517+08 | C13: =IFERROR(__xludf.DUMMYFUNCTION("""COMPUTED_VALUE"""),"2025-08-26T17:20:09.891+08") -> 2025-08-26T17:20:09.891+08 | D13: =IFERROR(__xludf.DUMMYFUNCTION("""COMPUTED_VALUE"""),"H019505019") -> H019505019 | E13: =IFERROR(__xludf.DUMMYFUNCTION("""COMPUTED_VALUE"""),859767.0) -> 859767 | F13: =IFERROR(__xludf.DUMMYFUNCTION("""COMPUTED_VALUE"""),"Ramie De Pedro Jr.") -> Ramie De Pedro Jr. | I13: =IFERROR(__xludf.DUMMYFUNCTION("""COMPUTED_VALUE"""),"ICM_Business_linked_launch") -> ICM_Business_linked_launch | J13: =IFERROR(__xludf.DUMMYFUNCTION("""COMPUTED_VALUE"""),"uuid:2c644a95-0dde-4648-b712-266faa83dbb5") -> uuid:2c644a95-0dde-4648-b712-266faa83dbb5
A14: =IFERROR(__xludf.DUMMYFUNCTION("""COMPUTED_VALUE"""),"2025-08-26T11:26:41.842Z") -> 2025-08-26T11:26:41.842Z | B14: =IFERROR(__xludf.DUMMYFUNCTION("""COMPUTED_VALUE"""),"2025-08-26T10:09:28.711+08") -> 2025-08-26T10:09:28.711+08 | C14: =IFERROR(__xludf.DUMMYFUNCTION("""COMPUTED_VALUE"""),"2025-08-26T10:26:28.988+08") -> 2025-08-26T10:26:28.988+08 | D14: =IFERROR(__xludf.DUMMYFUNCTION("""COMPUTED_VALUE"""),"H030255019") -> H030255019 | E14: =IFERROR(__xludf.DUMMYFUNCTION("""COMPUTED_VALUE"""),"N7814260") -> N7814260 | F14: =IFERROR(__xludf.DUMMYFUNCTION("""COMPUTED_VALUE"""),"Jemma Marie Tillo") -> Jemma Marie Tillo | I14: =IFERROR(__xludf.DUMMYFUNCTION("""COMPUTED_VALUE"""),"ICM_Business_linked_launch") -> ICM_Business_linked_launch | J14: =IFERROR(__xludf.DUMMYFUNCTION("""COMPUTED_VALUE"""),"uuid:eb6a79c8-e530-4d04-a682-c75b42de494e") -> uuid:eb6a79c8-e530-4d04-a682-c75b42de494e
A15: =IFERROR(__xludf.DUMMYFUNCTION("""COMPUTED_VALUE"""),"2025-08-26T11:26:42.385Z") -> 2025-08-26T11:26:42.385Z | B15: =IFERROR(__xludf.DUMMYFUNCTION("""COMPUTED_VALUE"""),"2025-08-26T11:38:33.634+08") -> 2025-08-26T11:38:33.634+08 | C15: =IFERROR(__xludf.DUMMYFUNCTION("""COMPUTED_VALUE"""),"2025-08-26T12:08:26.330+08") -> 2025-08-26T12:08:26.330+08 | D15: =IFERROR(__xludf.DUMMYFUNCTION("""COMPUTED_VALUE"""),"H030255017") -> H030255017 | E15: =IFERROR(__xludf.DUMMYFUNCTION("""COMPUTED_VALUE"""),"N7814260") -> N7814260 | F15: =IFERROR(__xludf.DUMMYFUNCTION("""COMPUTED_VALUE"""),"Jemma Marie Tillo") -> Jemma Marie Tillo | I15: =IFERROR(__xludf.DUMMYFUNCTION("""COMPUTED_VALUE"""),"ICM_Business_linked_launch") -> ICM_Business_linked_launch | J15: =IFERROR(__xludf.DUMMYFUNCTION("""COMPUTED_VALUE"""),"uuid:f4db21e1-0307-448c-83d4-e949b217ca6c") -> uuid:f4db21e1-0307-448c-83d4-e949b217ca6c
A16: =IFERROR(__xludf.DUMMYFUNCTION("""COMPUTED_VALUE"""),"2025-08-26T11:26:42.739Z") -> 2025-08-26T11:26:42.739Z | B16: =IFERROR(__xludf.DUMMYFUNCTION("""COMPUTED_VALUE"""),"2025-08-26T13:34:44.343+08") -> 2025-08-26T13:34:44.343+08 | C16: =IFERROR(__xludf.DUMMYFUNCTION("""COMPUTED_VALUE"""),"2025-08-26T13:50:26.407+08") -> 2025-08-26T13:50:26.407+08 | D16: =IFERROR(__xludf.DUMMYFUNCTION("""COMPUTED_VALUE"""),"H030255022") -> H030255022 | E16: =IFERROR(__xludf.DUMMYFUNCTION("""COMPUTED_VALUE"""),"N7814260") -> N7814260 | F16: =IFERROR(__xludf.DUMMYFUNCTION("""COMPUTED_VALUE"""),"Jemma Marie Tillo") -> Jemma Marie Tillo | I16: =IFERROR(__xludf.DUMMYFUNCTION("""COMPUTED_VALUE"""),"ICM_Business_linked_launch") -> ICM_Business_linked_launch | J16: =IFERROR(__xludf.DUMMYFUNCTION("""COMPUTED_VALUE"""),"uuid:67446a00-7119-4f87-8d9b-c8f8ff139d99") -> uuid:67446a00-7119-4f87-8d9b-c8f8ff139d99
A17: =IFERROR(__xludf.DUMMYFUNCTION("""COMPUTED_VALUE"""),"2025-08-26T11:36:13.802Z") -> 2025-08-26T11:36:13.802Z | B17: =IFERROR(__xludf.DUMMYFUNCTION("""COMPUTED_VALUE"""),"2025-08-26T13:28:31.339+08") -> 2025-08-26T13:28:31.339+08 | C17: =IFERROR(__xludf.DUMMYFUNCTION("""COMPUTED_VALUE"""),"2025-08-26T14:03:22.477+08") -> 2025-08-26T14:03:22.477+08 | D17: =IFERROR(__xludf.DUMMYFUNCTION("""COMPUTED_VALUE"""),"H019575019") -> H019575019 | E17: =IFERROR(__xludf.DUMMYFUNCTION("""COMPUTED_VALUE"""),841329.0) -> 841329 | F17: =IFERROR(__xludf.DUMMYFUNCTION("""COMPUTED_VALUE"""),"Aila Eli") -> Aila Eli | I17: =IFERROR(__xludf.DUMMYFUNCTION("""COMPUTED_VALUE"""),"ICM_Business_linked_launch") -> ICM_Business_linked_launch | J17: =IFERROR(__xludf.DUMMYFUNCTION("""COMPUTED_VALUE"""),"uuid:87156853-9874-418a-9e26-5fc0cca2d8ab") -> uuid:87156853-9874-418a-9e26-5fc0cca2d8ab
A18: =IFERROR(__xludf.DUMMYFUNCTION("""COMPUTED_VALUE"""),"2025-08-26T11:36:15.082Z") -> 2025-08-26T11:36:15.082Z | B18: =IFERROR(__xludf.DUMMYFUNCTION("""COMPUTED_VALUE"""),"2025-08-26T15:22:33.841+08") -> 2025-08-26T15:22:33.841+08 | C18: =IFERROR(__xludf.DUMMYFUNCTION("""COMPUTED_VALUE"""),"2025-08-26T15:28:49.232+08") -> 2025-08-26T15:28:49.232+08 | D18: =IFERROR(__xludf.DUMMYFUNCTION("""COMPUTED_VALUE"""),"H019575025") -> H019575025 | E18: =IFERROR(__xludf.DUMMYFUNCTION("""COMPUTED_VALUE"""),841329.0) -> 841329 | F18: =IFERROR(__xludf.DUMMYFUNCTION("""COMPUTED_VALUE"""),"Aila Eli") -> Aila Eli | I18: =IFERROR(__xludf.DUMMYFUNCTION("""COMPUTED_VALUE"""),"ICM_Business_linked_launch") -> ICM_Business_linked_launch | J18: =IFERROR(__xludf.DUMMYFUNCTION("""COMPUTED_VALUE"""),"uuid:bfe6f363-de10-43ba-970f-486be2be7803") -> uuid:bfe6f363-de10-43ba-970f-486be2be7803
A19: =IFERROR(__xludf.DUMMYFUNCTION("""COMPUTED_VALUE"""),"2025-08-26T11:36:14.724Z") -> 2025-08-26T11:36:14.724Z | B19: =IFERROR(__xludf.DUMMYFUNCTION("""COMPUTED_VALUE"""),"2025-08-26T10:55:42.938+08") -> 2025-08-26T10:55:42.938+08 | C19: =IFERROR(__xludf.DUMMYFUNCTION("""COMPUTED_VALUE"""),"2025-08-26T14:04:13.411+08") -> 2025-08-26T14:04:13.411+08 | D19: =IFERROR(__xludf.DUMMYFUNCTION("""COMPUTED_VALUE"""),"H019575016") -> H019575016 | E19: =IFERROR(__xludf.DUMMYFUNCTION("""COMPUTED_VALUE"""),841329.0) -> 841329 | F19: =IFERROR(__xludf.DUMMYFUNCTION("""COMPUTED_VALUE"""),"Aila Eli") -> Aila Eli | I19: =IFERROR(__xludf.DUMMYFUNCTION("""COMPUTED_VALUE"""),"ICM_Business_linked_launch") -> ICM_Business_linked_launch | J19: =IFERROR(__xludf.DUMMYFUNCTION("""COMPUTED_VALUE"""),"uuid:cda8c8a9-2172-4579-a577-370452d69df7") -> uuid:cda8c8a9-2172-4579-a577-370452d69df7
A20: =IFERROR(__xludf.DUMMYFUNCTION("""COMPUTED_VALUE"""),"2025-08-26T11:38:31.380Z") -> 2025-08-26T11:38:31.380Z | B20: =IFERROR(__xludf.DUMMYFUNCTION("""COMPUTED_VALUE"""),"2025-08-26T09:57:29.173+08") -> 2025-08-26T09:57:29.173+08 | C20: =IFERROR(__xludf.DUMMYFUNCTION("""COMPUTED_VALUE"""),"2025-08-26T10:00:38.591+08") -> 2025-08-26T10:00:38.591+08 | D20: =IFERROR(__xludf.DUMMYFUNCTION("""COMPUTED_VALUE"""),"H030375033") -> H030375033 | E20: =IFERROR(__xludf.DUMMYFUNCTION("""COMPUTED_VALUE"""),"L2057896") -> L2057896 | F20: =IFERROR(__xludf.DUMMYFUNCTION("""COMPUTED_VALUE"""),"Franz Reoben Posadas Geneblaza") -> Franz Reoben Posadas Geneblaza | I20: =IFERROR(__xludf.DUMMYFUNCTION("""COMPUTED_VALUE"""),"ICM_Business_linked_launch") -> ICM_Business_linked_launch | J20: =IFERROR(__xludf.DUMMYFUNCTION("""COMPUTED_VALUE"""),"uuid:b6d00463-c473-4027-82ad-885fbc4208ea") -> uuid:b6d00463-c473-4027-82ad-885fbc4208ea
A21: =IFERROR(__xludf.DUMMYFUNCTION("""COMPUTED_VALUE"""),"2025-08-26T11:38:32.131Z") -> 2025-08-26T11:38:32.131Z | B21: =IFERROR(__xludf.DUMMYFUNCTION("""COMPUTED_VALUE"""),"2025-08-26T11:14:23.061+08") -> 2025-08-26T11:14:23.061+08 | C21: =IFERROR(__xludf.DUMMYFUNCTION("""COMPUTED_VALUE"""),"2025-08-26T12:17:41.823+08") -> 2025-08-26T12:17:41.823+08 | D21: =IFERROR(__xludf.DUMMYFUNCTION("""COMPUTED_VALUE"""),"H030375035") -> H030375035 | E21: =IFERROR(__xludf.DUMMYFUNCTION("""COMPUTED_VALUE"""),"L2057896") -> L2057896 | F21: =IFERROR(__xludf.DUMMYFUNCTION("""COMPUTED_VALUE"""),"Franz Reoben Posadas Geneblaza") -> Franz Reoben Posadas Geneblaza | I21: =IFERROR(__xludf.DUMMYFUNCTION("""COMPUTED_VALUE"""),"ICM_Business_linked_launch") -> ICM_Business_linked_launch | J21: =IFERROR(__xludf.DUMMYFUNCTION("""COMPUTED_VALUE"""),"uuid:e5d50cdb-1fe3-4e13-b81e-2c48644ba268") -> uuid:e5d50cdb-1fe3-4e13-b81e-2c48644ba268
A22: =IFERROR(__xludf.DUMMYFUNCTION("""COMPUTED_VALUE"""),"2025-08-26T11:38:32.927Z") -> 2025-08-26T11:38:32.927Z | B22: =IFERROR(__xludf.DUMMYFUNCTION("""COMPUTED_VALUE"""),"2025-08-26T15:04:51.582+08") -> 2025-08-26T15:04:51.582+08 | C22: =IFERROR(__xludf.DUMMYFUNCTION("""COMPUTED_VALUE"""),"2025-08-26T15:09:34.552+08") -> 2025-08-26T15:09:34.552+08 | D22: =IFERROR(__xludf.DUMMYFUNCTION("""COMPUTED_VALUE"""),"H030375028") -> H030375028 | E22: =IFERROR(__xludf.DUMMYFUNCTION("""COMPUTED_VALUE"""),"L2057896") -> L2057896 | F22: =IFERROR(__xludf.DUMMYFUNCTION("""COMPUTED_VALUE"""),"Franz Reoben Posadas Geneblaza") -> Franz Reoben Posadas Geneblaza | I22: =IFERROR(__xludf.DUMMYFUNCTION("""COMPUTED_VALUE"""),"ICM_Business_linked_launch") -> ICM_Business_linked_launch | J22: =IFERROR(__xludf.DUMMYFUNCTION("""COMPUTED_VALUE"""),"uuid:d7b0b15c-55a8-4563-ae80-f7fdfb44ac72") -> uuid:d7b0b15c-55a8-4563-ae80-f7fdfb44ac72
A23: =IFERROR(__xludf.DUMMYFUNCTION("""COMPUTED_VALUE"""),"2025-08-26T11:39:06.948Z") -> 2025-08-26T11:39:06.948Z | B23: =IFERROR(__xludf.DUMMYFUNCTION("""COMPUTED_VALUE"""),"2025-08-26T09:49:09.290+08") -> 2025-08-26T09:49:09.290+08 | C23: =IFERROR(__xludf.DUMMYFUNCTION("""COMPUTED_VALUE"""),"2025-08-26T10:01:10.612+08") -> 2025-08-26T10:01:10.612+08 | D23: =IFERROR(__xludf.DUMMYFUNCTION("""COMPUTED_VALUE"""),"H030821025") -> H030821025 | E23: =IFERROR(__xludf.DUMMYFUNCTION("""COMPUTED_VALUE"""),"H2846135") -> H2846135 | F23: =IFERROR(__xludf.DUMMYFUNCTION("""COMPUTED_VALUE"""),"Annalou Empanado Encontro") -> Annalou Empanado Encontro | I23: =IFERROR(__xludf.DUMMYFUNCTION("""COMPUTED_VALUE"""),"ICM_Business_linked_launch") -> ICM_Business_linked_launch | J23: =IFERROR(__xludf.DUMMYFUNCTION("""COMPUTED_VALUE"""),"uuid:18dac40d-2062-4a13-8237-01ed5e962a1e") -> uuid:18dac40d-2062-4a13-8237-01ed5e962a1e
A24: =IFERROR(__xludf.DUMMYFUNCTION("""COMPUTED_VALUE"""),"2025-08-26T11:39:07.355Z") -> 2025-08-26T11:39:07.355Z | B24: =IFERROR(__xludf.DUMMYFUNCTION("""COMPUTED_VALUE"""),"2025-08-26T11:24:53.168+08") -> 2025-08-26T11:24:53.168+08 | C24: =IFERROR(__xludf.DUMMYFUNCTION("""COMPUTED_VALUE"""),"2025-08-26T12:01:50.712+08") -> 2025-08-26T12:01:50.712+08 | D24: =IFERROR(__xludf.DUMMYFUNCTION("""COMPUTED_VALUE"""),"H030821019") -> H030821019 | E24: =IFERROR(__xludf.DUMMYFUNCTION("""COMPUTED_VALUE"""),"H2846135") -> H2846135 | F24: =IFERROR(__xludf.DUMMYFUNCTION("""COMPUTED_VALUE"""),"Annalou Empanado Encontro") -> Annalou Empanado Encontro | I24: =IFERROR(__xludf.DUMMYFUNCTION("""COMPUTED_VALUE"""),"ICM_Business_linked_launch") -> ICM_Business_linked_launch | J24: =IFERROR(__xludf.DUMMYFUNCTION("""COMPUTED_VALUE"""),"uuid:83344ab7-ebaa-4be4-853e-b0695afe8f0e") -> uuid:83344ab7-ebaa-4be4-853e-b0695afe8f0e
A25: =IFERROR(__xludf.DUMMYFUNCTION("""COMPUTED_VALUE"""),"2025-08-26T11:39:08.212Z") -> 2025-08-26T11:39:08.212Z | B25: =IFERROR(__xludf.DUMMYFUNCTION("""COMPUTED_VALUE"""),"2025-08-26T13:26:23.950+08") -> 2025-08-26T13:26:23.950+08 | C25: =IFERROR(__xludf.DUMMYFUNCTION("""COMPUTED_VALUE"""),"2025-08-26T13:28:36.232+08") -> 2025-08-26T13:28:36.232+08 | D25: =IFERROR(__xludf.DUMMYFUNCTION("""COMPUTED_VALUE"""),"H030821016") -> H030821016 | E25: =IFERROR(__xludf.DUMMYFUNCTION("""COMPUTED_VALUE"""),"H2846135") -> H2846135 | F25: =IFERROR(__xludf.DUMMYFUNCTION("""COMPUTED_VALUE"""),"Annalou Empanado Encontro") -> Annalou Empanado Encontro | I25: =IFERROR(__xludf.DUMMYFUNCTION("""COMPUTED_VALUE"""),"ICM_Business_linked_launch") -> ICM_Business_linked_launch | J25: =IFERROR(__xludf.DUMMYFUNCTION("""COMPUTED_VALUE"""),"uuid:cfc9a302-50ed-460c-af5e-9a47082e1f1e") -> uuid:cfc9a302-50ed-460c-af5e-9a47082e1f1e
A26: =IFERROR(__xludf.DUMMYFUNCTION("""COMPUTED_VALUE"""),"2025-08-26T11:39:08.570Z") -> 2025-08-26T11:39:08.570Z | B26: =IFERROR(__xludf.DUMMYFUNCTION("""COMPUTED_VALUE"""),"2025-08-26T15:23:32.156+08") -> 2025-08-26T15:23:32.156+08 | C26: =IFERROR(__xludf.DUMMYFUNCTION("""COMPUTED_VALUE"""),"2025-08-26T15:36:22.880+08") -> 2025-08-26T15:36:22.880+08 | D26: =IFERROR(__xludf.DUMMYFUNCTION("""COMPUTED_VALUE"""),"H030821032") -> H030821032 | E26: =IFERROR(__xludf.DUMMYFUNCTION("""COMPUTED_VALUE"""),"H2846135") -> H2846135 | F26: =IFERROR(__xludf.DUMMYFUNCTION("""COMPUTED_VALUE"""),"Annalou Empanado Encontro") -> Annalou Empanado Encontro | I26: =IFERROR(__xludf.DUMMYFUNCTION("""COMPUTED_VALUE"""),"ICM_Business_linked_launch") -> ICM_Business_linked_launch | J26: =IFERROR(__xludf.DUMMYFUNCTION("""COMPUTED_VALUE"""),"uuid:5837ac91-6429-4130-9b4a-004ab2448c80") -> uuid:5837ac91-6429-4130-9b4a-004ab2448c80
A27: =IFERROR(__xludf.DUMMYFUNCTION("""COMPUTED_VALUE"""),"2025-08-26T11:41:29.956Z") -> 2025-08-26T11:41:29.956Z | B27: =IFERROR(__xludf.DUMMYFUNCTION("""COMPUTED_VALUE"""),"2025-08-26T11:20:59.633+08") -> 2025-08-26T11:20:59.633+08 | C27: =IFERROR(__xludf.DUMMYFUNCTION("""COMPUTED_VALUE"""),"2025-08-26T11:39:12.947+08") -> 2025-08-26T11:39:12.947+08 | D27: =IFERROR(__xludf.DUMMYFUNCTION("""COMPUTED_VALUE"""),"H030821027") -> H030821027 | E27: =IFERROR(__xludf.DUMMYFUNCTION("""COMPUTED_VALUE"""),"G5472901") -> G5472901 | F27: =IFERROR(__xludf.DUMMYFUNCTION("""COMPUTED_VALUE"""),"Wellyn Grace Alaban Parcia") -> Wellyn Grace Alaban Parcia | I27: =IFERROR(__xludf.DUMMYFUNCTION("""COMPUTED_VALUE"""),"ICM_Business_linked_launch") -> ICM_Business_linked_launch | J27: =IFERROR(__xludf.DUMMYFUNCTION("""COMPUTED_VALUE"""),"uuid:c4dcb4cc-dab5-424a-af3f-e9c6f516b737") -> uuid:c4dcb4cc-dab5-424a-af3f-e9c6f516b737
A28: =IFERROR(__xludf.DUMMYFUNCTION("""COMPUTED_VALUE"""),"2025-08-26T11:41:37.146Z") -> 2025-08-26T11:41:37.146Z | B28: =IFERROR(__xludf.DUMMYFUNCTION("""COMPUTED_VALUE"""),"2025-08-26T13:52:33.759+08") -> 2025-08-26T13:52:33.759+08 | C28: =IFERROR(__xludf.DUMMYFUNCTION("""COMPUTED_VALUE"""),"2025-08-26T14:08:16.507+08") -> 2025-08-26T14:08:16.507+08 | D28: =IFERROR(__xludf.DUMMYFUNCTION("""COMPUTED_VALUE"""),"H030821021") -> H030821021 | E28: =IFERROR(__xludf.DUMMYFUNCTION("""COMPUTED_VALUE"""),"G5472901") -> G5472901 | F28: =IFERROR(__xludf.DUMMYFUNCTION("""COMPUTED_VALUE"""),"Wellyn Grace Alaban Parcia") -> Wellyn Grace Alaban Parcia | I28: =IFERROR(__xludf.DUMMYFUNCTION("""COMPUTED_VALUE"""),"ICM_Business_linked_launch") -> ICM_Business_linked_launch | J28: =IFERROR(__xludf.DUMMYFUNCTION("""COMPUTED_VALUE"""),"uuid:92f9d972-bd18-48f8-9f0f-e11a9dbe2c77") -> uuid:92f9d972-bd18-48f8-9f0f-e11a9dbe2c77
A29: =IFERROR(__xludf.DUMMYFUNCTION("""COMPUTED_VALUE"""),"2025-08-26T11:41:40.275Z") -> 2025-08-26T11:41:40.275Z | B29: =IFERROR(__xludf.DUMMYFUNCTION("""COMPUTED_VALUE"""),"2025-08-26T16:36:10.397+08") -> 2025-08-26T16:36:10.397+08 | C29: =IFERROR(__xludf.DUMMYFUNCTION("""COMPUTED_VALUE"""),"2025-08-26T17:00:35.458+08") -> 2025-08-26T17:00:35.458+08 | D29: =IFERROR(__xludf.DUMMYFUNCTION("""COMPUTED_VALUE"""),"H030821018") -> H030821018 | E29: =IFERROR(__xludf.DUMMYFUNCTION("""COMPUTED_VALUE"""),"G5472901") -> G5472901 | F29: =IFERROR(__xludf.DUMMYFUNCTION("""COMPUTED_VALUE"""),"Wellyn Grace Alaban Parcia") -> Wellyn Grace Alaban Parcia | I29: =IFERROR(__xludf.DUMMYFUNCTION("""COMPUTED_VALUE"""),"ICM_Business_linked_launch") -> ICM_Business_linked_launch | J29: =IFERROR(__xludf.DUMMYFUNCTION("""COMPUTED_VALUE"""),"uuid:7b9f2ce5-a328-4056-9512-12bd9307781b") -> uuid:7b9f2ce5-a328-4056-9512-12bd9307781b
A30: =IFERROR(__xludf.DUMMYFUNCTION("""COMPUTED_VALUE"""),"2025-08-26T11:49:54.490Z") -> 2025-08-26T11:49:54.490Z | B30: =IFERROR(__xludf.DUMMYFUNCTION("""COMPUTED_VALUE"""),"2025-08-26T10:19:23.345+08") -> 2025-08-26T10:19:23.345+08 | C30: =IFERROR(__xludf.DUMMYFUNCTION("""COMPUTED_VALUE"""),"2025-08-26T10:26:10.243+08") -> 2025-08-26T10:26:10.243+08 | D30: =IFERROR(__xludf.DUMMYFUNCTION("""COMPUTED_VALUE"""),"H019575020") -> H019575020 | E30: =IFERROR(__xludf.DUMMYFUNCTION("""COMPUTED_VALUE"""),455939.0) -> 455939 | F30: =IFERROR(__xludf.DUMMYFUNCTION("""COMPUTED_VALUE"""),"Mary Jean Villaflor") -> Mary Jean Villaflor | I30: =IFERROR(__xludf.DUMMYFUNCTION("""COMPUTED_VALUE"""),"ICM_Business_linked_launch") -> ICM_Business_linked_launch | J30: =IFERROR(__xludf.DUMMYFUNCTION("""COMPUTED_VALUE"""),"uuid:9f9fd260-e89e-4361-ad71-be0779c7129e") -> uuid:9f9fd260-e89e-4361-ad71-be0779c7129e
A31: =IFERROR(__xludf.DUMMYFUNCTION("""COMPUTED_VALUE"""),"2025-08-26T11:49:58.312Z") -> 2025-08-26T11:49:58.312Z | B31: =IFERROR(__xludf.DUMMYFUNCTION("""COMPUTED_VALUE"""),"2025-08-26T11:26:13.043+08") -> 2025-08-26T11:26:13.043+08 | C31: =IFERROR(__xludf.DUMMYFUNCTION("""COMPUTED_VALUE"""),"2025-08-26T11:29:09.895+08") -> 2025-08-26T11:29:09.895+08 | D31: =IFERROR(__xludf.DUMMYFUNCTION("""COMPUTED_VALUE"""),"H019575026") -> H019575026 | E31: =IFERROR(__xludf.DUMMYFUNCTION("""COMPUTED_VALUE"""),455939.0) -> 455939 | F31: =IFERROR(__xludf.DUMMYFUNCTION("""COMPUTED_VALUE"""),"Mary Jean Villaflor") -> Mary Jean Villaflor | I31: =IFERROR(__xludf.DUMMYFUNCTION("""COMPUTED_VALUE"""),"ICM_Business_linked_launch") -> ICM_Business_linked_launch | J31: =IFERROR(__xludf.DUMMYFUNCTION("""COMPUTED_VALUE"""),"uuid:47abae0a-440c-4022-9c2c-926676b6183a") -> uuid:47abae0a-440c-4022-9c2c-926676b6183a
A32: =IFERROR(__xludf.DUMMYFUNCTION("""COMPUTED_VALUE"""),"2025-08-26T11:50:00.138Z") -> 2025-08-26T11:50:00.138Z | B32: =IFERROR(__xludf.DUMMYFUNCTION("""COMPUTED_VALUE"""),"2025-08-26T12:45:48.774+08") -> 2025-08-26T12:45:48.774+08 | C32: =IFERROR(__xludf.DUMMYFUNCTION("""COMPUTED_VALUE"""),"2025-08-26T12:47:38.108+08") -> 2025-08-26T12:47:38.108+08 | D32: =IFERROR(__xludf.DUMMYFUNCTION("""COMPUTED_VALUE"""),"H019575034") -> H019575034 | E32: =IFERROR(__xludf.DUMMYFUNCTION("""COMPUTED_VALUE"""),455939.0) -> 455939 | F32: =IFERROR(__xludf.DUMMYFUNCTION("""COMPUTED_VALUE"""),"Mary Jean Villaflor") -> Mary Jean Villaflor | I32: =IFERROR(__xludf.DUMMYFUNCTION("""COMPUTED_VALUE"""),"ICM_Business_linked_launch") -> ICM_Business_linked_launch | J32: =IFERROR(__xludf.DUMMYFUNCTION("""COMPUTED_VALUE"""),"uuid:a4e09192-dd3c-4161-ac65-49e9e2127f7f") -> uuid:a4e09192-dd3c-4161-ac65-49e9e2127f7f
A33: =IFERROR(__xludf.DUMMYFUNCTION("""COMPUTED_VALUE"""),"2025-08-26T11:50:01.252Z") -> 2025-08-26T11:50:01.252Z | B33: =IFERROR(__xludf.DUMMYFUNCTION("""COMPUTED_VALUE"""),"2025-08-26T13:31:17.426+08") -> 2025-08-26T13:31:17.426+08 | C33: =IFERROR(__xludf.DUMMYFUNCTION("""COMPUTED_VALUE"""),"2025-08-26T13:33:48.061+08") -> 2025-08-26T13:33:48.061+08 | D33: =IFERROR(__xludf.DUMMYFUNCTION("""COMPUTED_VALUE"""),"H019575029") -> H019575029 | E33: =IFERROR(__xludf.DUMMYFUNCTION("""COMPUTED_VALUE"""),455939.0) -> 455939 | F33: =IFERROR(__xludf.DUMMYFUNCTION("""COMPUTED_VALUE"""),"Mary Jean Villaflor") -> Mary Jean Villaflor | I33: =IFERROR(__xludf.DUMMYFUNCTION("""COMPUTED_VALUE"""),"ICM_Business_linked_launch") -> ICM_Business_linked_launch | J33: =IFERROR(__xludf.DUMMYFUNCTION("""COMPUTED_VALUE"""),"uuid:d23c8dc1-bffd-4786-965a-f00b7e1c7ab4") -> uuid:d23c8dc1-bffd-4786-965a-f00b7e1c7ab4
A34: =IFERROR(__xludf.DUMMYFUNCTION("""COMPUTED_VALUE"""),"2025-08-26T12:02:09.451Z") -> 2025-08-26T12:02:09.451Z | B34: =IFERROR(__xludf.DUMMYFUNCTION("""COMPUTED_VALUE"""),"2025-08-26T09:32:27.694+08") -> 2025-08-26T09:32:27.694+08 | C34: =IFERROR(__xludf.DUMMYFUNCTION("""COMPUTED_VALUE"""),"2025-08-26T10:09:40.043+08") -> 2025-08-26T10:09:40.043+08 | D34: =IFERROR(__xludf.DUMMYFUNCTION("""COMPUTED_VALUE"""),"H030255021") -> H030255021 | E34: =IFERROR(__xludf.DUMMYFUNCTION("""COMPUTED_VALUE"""),"O3925718") -> O3925718 | F34: =IFERROR(__xludf.DUMMYFUNCTION("""COMPUTED_VALUE"""),"Adrian Montecastro Ferrer") -> Adrian Montecastro Ferrer | I34: =IFERROR(__xludf.DUMMYFUNCTION("""COMPUTED_VALUE"""),"ICM_Business_linked_launch") -> ICM_Business_linked_launch | J34: =IFERROR(__xludf.DUMMYFUNCTION("""COMPUTED_VALUE"""),"uuid:18225db4-4995-4d2e-b8b7-cad4180a1d31") -> uuid:18225db4-4995-4d2e-b8b7-cad4180a1d31
A35: =IFERROR(__xludf.DUMMYFUNCTION("""COMPUTED_VALUE"""),"2025-08-26T12:02:09.825Z") -> 2025-08-26T12:02:09.825Z | B35: =IFERROR(__xludf.DUMMYFUNCTION("""COMPUTED_VALUE"""),"2025-08-26T11:48:17.985+08") -> 2025-08-26T11:48:17.985+08 | C35: =IFERROR(__xludf.DUMMYFUNCTION("""COMPUTED_VALUE"""),"2025-08-26T12:01:20.586+08") -> 2025-08-26T12:01:20.586+08 | D35: =IFERROR(__xludf.DUMMYFUNCTION("""COMPUTED_VALUE"""),"H030255020") -> H030255020 | E35: =IFERROR(__xludf.DUMMYFUNCTION("""COMPUTED_VALUE"""),"O3925718") -> O3925718 | F35: =IFERROR(__xludf.DUMMYFUNCTION("""COMPUTED_VALUE"""),"Adrian Montecastro Ferrer") -> Adrian Montecastro Ferrer | I35: =IFERROR(__xludf.DUMMYFUNCTION("""COMPUTED_VALUE"""),"ICM_Business_linked_launch") -> ICM_Business_linked_launch | J35: =IFERROR(__xludf.DUMMYFUNCTION("""COMPUTED_VALUE"""),"uuid:b24de469-d1f0-4079-8dd6-86801dec2bc6") -> uuid:b24de469-d1f0-4079-8dd6-86801dec2bc6
A36: =IFERROR(__xludf.DUMMYFUNCTION("""COMPUTED_VALUE"""),"2025-08-26T12:02:12.452Z") -> 2025-08-26T12:02:12.452Z | B36: =IFERROR(__xludf.DUMMYFUNCTION("""COMPUTED_VALUE"""),"2025-08-26T13:42:04.730+08") -> 2025-08-26T13:42:04.730+08 | C36: =IFERROR(__xludf.DUMMYFUNCTION("""COMPUTED_VALUE"""),"2025-08-26T13:51:31.185+08") -> 2025-08-26T13:51:31.185+08 | D36: =IFERROR(__xludf.DUMMYFUNCTION("""COMPUTED_VALUE"""),"H030255024") -> H030255024 | E36: =IFERROR(__xludf.DUMMYFUNCTION("""COMPUTED_VALUE"""),"O3925718") -> O3925718 | F36: =IFERROR(__xludf.DUMMYFUNCTION("""COMPUTED_VALUE"""),"Adrian Montecastro Ferrer") -> Adrian Montecastro Ferrer | I36: =IFERROR(__xludf.DUMMYFUNCTION("""COMPUTED_VALUE"""),"ICM_Business_linked_launch") -> ICM_Business_linked_launch | J36: =IFERROR(__xludf.DUMMYFUNCTION("""COMPUTED_VALUE"""),"uuid:152be913-9052-476f-a86a-e7ba27155512") -> uuid:152be913-9052-476f-a86a-e7ba27155512
A37: =IFERROR(__xludf.DUMMYFUNCTION("""COMPUTED_VALUE"""),"2025-08-26T12:09:12.644Z") -> 2025-08-26T12:09:12.644Z | B37: =IFERROR(__xludf.DUMMYFUNCTION("""COMPUTED_VALUE"""),"2025-08-26T10:10:04.674+08") -> 2025-08-26T10:10:04.674+08 | C37: =IFERROR(__xludf.DUMMYFUNCTION("""COMPUTED_VALUE"""),"2025-08-26T10:23:24.055+08") -> 2025-08-26T10:23:24.055+08 | D37: =IFERROR(__xludf.DUMMYFUNCTION("""COMPUTED_VALUE"""),"H030375034") -> H030375034 | E37: =IFERROR(__xludf.DUMMYFUNCTION("""COMPUTED_VALUE"""),"J4315980") -> J4315980 | F37: =IFERROR(__xludf.DUMMYFUNCTION("""COMPUTED_VALUE"""),"Trixie Marie Jardeleza Saber") -> Trixie Marie Jardeleza Saber | I37: =IFERROR(__xludf.DUMMYFUNCTION("""COMPUTED_VALUE"""),"ICM_Business_linked_launch") -> ICM_Business_linked_launch | J37: =IFERROR(__xludf.DUMMYFUNCTION("""COMPUTED_VALUE"""),"uuid:1bddb882-b6ae-4754-815a-ce68e40e1951") -> uuid:1bddb882-b6ae-4754-815a-ce68e40e1951
A38: =IFERROR(__xludf.DUMMYFUNCTION("""COMPUTED_VALUE"""),"2025-08-26T12:09:13.568Z") -> 2025-08-26T12:09:13.568Z | B38: =IFERROR(__xludf.DUMMYFUNCTION("""COMPUTED_VALUE"""),"2025-08-26T14:10:06.478+08") -> 2025-08-26T14:10:06.478+08 | C38: =IFERROR(__xludf.DUMMYFUNCTION("""COMPUTED_VALUE"""),"2025-08-26T14:15:34.522+08") -> 2025-08-26T14:15:34.522+08 | D38: =IFERROR(__xludf.DUMMYFUNCTION("""COMPUTED_VALUE"""),"H030375021") -> H030375021 | E38: =IFERROR(__xludf.DUMMYFUNCTION("""COMPUTED_VALUE"""),"J4315980") -> J4315980 | F38: =IFERROR(__xludf.DUMMYFUNCTION("""COMPUTED_VALUE"""),"Trixie Marie Jardeleza Saber") -> Trixie Marie Jardeleza Saber | I38: =IFERROR(__xludf.DUMMYFUNCTION("""COMPUTED_VALUE"""),"ICM_Business_linked_launch") -> ICM_Business_linked_launch | J38: =IFERROR(__xludf.DUMMYFUNCTION("""COMPUTED_VALUE"""),"uuid:0146e22c-f1eb-4cc0-b9bc-4b69cec3fb7e") -> uuid:0146e22c-f1eb-4cc0-b9bc-4b69cec3fb7e
A39: =IFERROR(__xludf.DUMMYFUNCTION("""COMPUTED_VALUE"""),"2025-08-26T12:09:14.299Z") -> 2025-08-26T12:09:14.299Z | B39: =IFERROR(__xludf.DUMMYFUNCTION("""COMPUTED_VALUE"""),"2025-08-26T12:12:15.220+08") -> 2025-08-26T12:12:15.220+08 | C39: =IFERROR(__xludf.DUMMYFUNCTION("""COMPUTED_VALUE"""),"2025-08-26T12:17:18.156+08") -> 2025-08-26T12:17:18.156+08 | D39: =IFERROR(__xludf.DUMMYFUNCTION("""COMPUTED_VALUE"""),"H030375022") -> H030375022 | E39: =IFERROR(__xludf.DUMMYFUNCTION("""COMPUTED_VALUE"""),"J4315980") -> J4315980 | F39: =IFERROR(__xludf.DUMMYFUNCTION("""COMPUTED_VALUE"""),"Trixie Marie Jardeleza Saber") -> Trixie Marie Jardeleza Saber | I39: =IFERROR(__xludf.DUMMYFUNCTION("""COMPUTED_VALUE"""),"ICM_Business_linked_launch") -> ICM_Business_linked_launch | J39: =IFERROR(__xludf.DUMMYFUNCTION("""COMPUTED_VALUE"""),"uuid:4baa8b33-e4af-4ad9-a4a4-acd24f53ea94") -> uuid:4baa8b33-e4af-4ad9-a4a4-acd24f53ea94
A40: =IFERROR(__xludf.DUMMYFUNCTION("""COMPUTED_VALUE"""),"2025-10-02T08:53:11.477Z") -> 2025-10-02T08:53:11.477Z | B40: =IFERROR(__xludf.DUMMYFUNCTION("""COMPUTED_VALUE"""),"2025-10-02T09:05:57.819+08") -> 2025-10-02T09:05:57.819+08 | C40: =IFERROR(__xludf.DUMMYFUNCTION("""COMPUTED_VALUE"""),"2025-10-02T09:19:46.386+08") -> 2025-10-02T09:19:46.386+08 | D40: =IFERROR(__xludf.DUMMYFUNCTION("""COMPUTED_VALUE"""),"H030375027") -> H030375027 | E40: =IFERROR(__xludf.DUMMYFUNCTION("""COMPUTED_VALUE"""),"J4315980") -> J4315980 | F40: =IFERROR(__xludf.DUMMYFUNCTION("""COMPUTED_VALUE"""),"Trixie Marie Jardeleza Saber") -> Trixie Marie Jardeleza Saber | I40: =IFERROR(__xludf.DUMMYFUNCTION("""COMPUTED_VALUE"""),"ICM_Business_linked_launch") -> ICM_Business_linked_launch | J40: =IFERROR(__xludf.DUMMYFUNCTION("""COMPUTED_VALUE"""),"uuid:65a45523-8ec3-4b39-82c9-1066e5ae1c6f") -> uuid:65a45523-8ec3-4b39-82c9-1066e5ae1c6f
A41: =IFERROR(__xludf.DUMMYFUNCTION("""COMPUTED_VALUE"""),"2025-08-26T12:25:22.598Z") -> 2025-08-26T12:25:22.598Z | B41: =IFERROR(__xludf.DUMMYFUNCTION("""COMPUTED_VALUE"""),"2025-08-26T10:03:05.546+08") -> 2025-08-26T10:03:05.546+08 | C41: =IFERROR(__xludf.DUMMYFUNCTION("""COMPUTED_VALUE"""),"2025-08-26T10:21:29.344+08") -> 2025-08-26T10:21:29.344+08 | D41: =IFERROR(__xludf.DUMMYFUNCTION("""COMPUTED_VALUE"""),"H030375019") -> H030375019 | E41: =IFERROR(__xludf.DUMMYFUNCTION("""COMPUTED_VALUE"""),"K8623174") -> K8623174 | F41: =IFERROR(__xludf.DUMMYFUNCTION("""COMPUTED_VALUE"""),"Marielle Kaye Ignacio Alonzo") -> Marielle Kaye Ignacio Alonzo | I41: =IFERROR(__xludf.DUMMYFUNCTION("""COMPUTED_VALUE"""),"ICM_Business_linked_launch") -> ICM_Business_linked_launch | J41: =IFERROR(__xludf.DUMMYFUNCTION("""COMPUTED_VALUE"""),"uuid:0a1b3a88-28e5-4b5d-9acc-e001a3fc13a2") -> uuid:0a1b3a88-28e5-4b5d-9acc-e001a3fc13a2
A42: =IFERROR(__xludf.DUMMYFUNCTION("""COMPUTED_VALUE"""),"2025-08-26T12:25:22.897Z") -> 2025-08-26T12:25:22.897Z | B42: =IFERROR(__xludf.DUMMYFUNCTION("""COMPUTED_VALUE"""),"2025-08-26T16:40:49.437+08") -> 2025-08-26T16:40:49.437+08 | C42: =IFERROR(__xludf.DUMMYFUNCTION("""COMPUTED_VALUE"""),"2025-08-26T16:48:34.089+08") -> 2025-08-26T16:48:34.089+08 | D42: =IFERROR(__xludf.DUMMYFUNCTION("""COMPUTED_VALUE"""),"H030375024") -> H030375024 | E42: =IFERROR(__xludf.DUMMYFUNCTION("""COMPUTED_VALUE"""),"K8623174") -> K8623174 | F42: =IFERROR(__xludf.DUMMYFUNCTION("""COMPUTED_VALUE"""),"Marielle Kaye Ignacio Alonzo") -> Marielle Kaye Ignacio Alonzo | I42: =IFERROR(__xludf.DUMMYFUNCTION("""COMPUTED_VALUE"""),"ICM_Business_linked_launch") -> ICM_Business_linked_launch | J42: =IFERROR(__xludf.DUMMYFUNCTION("""COMPUTED_VALUE"""),"uuid:26d18738-f259-43f7-b470-136d4f3b8900") -> uuid:26d18738-f259-43f7-b470-136d4f3b8900
A43: =IFERROR(__xludf.DUMMYFUNCTION("""COMPUTED_VALUE"""),"2025-08-26T12:25:24.135Z") -> 2025-08-26T12:25:24.135Z | B43: =IFERROR(__xludf.DUMMYFUNCTION("""COMPUTED_VALUE"""),"2025-08-26T15:09:09.831+08") -> 2025-08-26T15:09:09.831+08 | C43: =IFERROR(__xludf.DUMMYFUNCTION("""COMPUTED_VALUE"""),"2025-08-26T15:50:22.741+08") -> 2025-08-26T15:50:22.741+08 | D43: =IFERROR(__xludf.DUMMYFUNCTION("""COMPUTED_VALUE"""),"H030375029") -> H030375029 | E43: =IFERROR(__xludf.DUMMYFUNCTION("""COMPUTED_VALUE"""),"K8623174") -> K8623174 | F43: =IFERROR(__xludf.DUMMYFUNCTION("""COMPUTED_VALUE"""),"Marielle Kaye Ignacio Alonzo") -> Marielle Kaye Ignacio Alonzo | I43: =IFERROR(__xludf.DUMMYFUNCTION("""COMPUTED_VALUE"""),"ICM_Business_linked_launch") -> ICM_Business_linked_launch | J43: =IFERROR(__xludf.DUMMYFUNCTION("""COMPUTED_VALUE"""),"uuid:5e4b5d7f-d529-452f-8887-7786404da094") -> uuid:5e4b5d7f-d529-452f-8887-7786404da094
A44: =IFERROR(__xludf.DUMMYFUNCTION("""COMPUTED_VALUE"""),"2025-08-26T12:25:24.658Z") -> 2025-08-26T12:25:24.658Z | B44: =IFERROR(__xludf.DUMMYFUNCTION("""COMPUTED_VALUE"""),"2025-08-26T11:02:22.627+08") -> 2025-08-26T11:02:22.627+08 | C44: =IFERROR(__xludf.DUMMYFUNCTION("""COMPUTED_VALUE"""),"2025-08-26T11:53:07.327+08") -> 2025-08-26T11:53:07.327+08 | D44: =IFERROR(__xludf.DUMMYFUNCTION("""COMPUTED_VALUE"""),"H030375020") -> H030375020 | E44: =IFERROR(__xludf.DUMMYFUNCTION("""COMPUTED_VALUE"""),"K8623174") -> K8623174 | F44: =IFERROR(__xludf.DUMMYFUNCTION("""COMPUTED_VALUE"""),"Marielle Kaye Ignacio Alonzo") -> Marielle Kaye Ignacio Alonzo | I44: =IFERROR(__xludf.DUMMYFUNCTION("""COMPUTED_VALUE"""),"ICM_Business_linked_launch") -> ICM_Business_linked_launch | J44: =IFERROR(__xludf.DUMMYFUNCTION("""COMPUTED_VALUE"""),"uuid:b248944d-2684-4179-bf12-13bbbc1ee107") -> uuid:b248944d-2684-4179-bf12-13bbbc1ee107
A45: =IFERROR(__xludf.DUMMYFUNCTION("""COMPUTED_VALUE"""),"2025-08-26T12:49:19.871Z") -> 2025-08-26T12:49:19.871Z | B45: =IFERROR(__xludf.DUMMYFUNCTION("""COMPUTED_VALUE"""),"2025-08-26T13:35:32.177+08") -> 2025-08-26T13:35:32.177+08 | C45: =IFERROR(__xludf.DUMMYFUNCTION("""COMPUTED_VALUE"""),"2025-08-26T14:36:54.605+08") -> 2025-08-26T14:36:54.605+08 | D45: =IFERROR(__xludf.DUMMYFUNCTION("""COMPUTED_VALUE"""),"H030821029") -> H030821029 | E45: =IFERROR(__xludf.DUMMYFUNCTION("""COMPUTED_VALUE"""),"F3051749") -> F3051749 | F45: =IFERROR(__xludf.DUMMYFUNCTION("""COMPUTED_VALUE"""),"Elenita Gicos De La Pe�a") -> Elenita Gicos De La Pe�a | I45: =IFERROR(__xludf.DUMMYFUNCTION("""COMPUTED_VALUE"""),"ICM_Business_linked_launch") -> ICM_Business_linked_launch | J45: =IFERROR(__xludf.DUMMYFUNCTION("""COMPUTED_VALUE"""),"uuid:b399b6a6-e323-4d5a-bc12-50690f138bc6") -> uuid:b399b6a6-e323-4d5a-bc12-50690f138bc6
A46: =IFERROR(__xludf.DUMMYFUNCTION("""COMPUTED_VALUE"""),"2025-08-26T12:49:43.803Z") -> 2025-08-26T12:49:43.803Z | B46: =IFERROR(__xludf.DUMMYFUNCTION("""COMPUTED_VALUE"""),"2025-08-26T10:04:28.727+08") -> 2025-08-26T10:04:28.727+08 | C46: =IFERROR(__xludf.DUMMYFUNCTION("""COMPUTED_VALUE"""),"2025-08-26T10:10:19.823+08") -> 2025-08-26T10:10:19.823+08 | D46: =IFERROR(__xludf.DUMMYFUNCTION("""COMPUTED_VALUE"""),"H030375018") -> H030375018 | E46: =IFERROR(__xludf.DUMMYFUNCTION("""COMPUTED_VALUE"""),"M6491032") -> M6491032 | F46: =IFERROR(__xludf.DUMMYFUNCTION("""COMPUTED_VALUE"""),"Rosevil Tayo Desamparado") -> Rosevil Tayo Desamparado | I46: =IFERROR(__xludf.DUMMYFUNCTION("""COMPUTED_VALUE"""),"ICM_Business_linked_launch") -> ICM_Business_linked_launch | J46: =IFERROR(__xludf.DUMMYFUNCTION("""COMPUTED_VALUE"""),"uuid:7b9193cf-3282-44eb-92a7-80a30b1de9e3") -> uuid:7b9193cf-3282-44eb-92a7-80a30b1de9e3
A47: =IFERROR(__xludf.DUMMYFUNCTION("""COMPUTED_VALUE"""),"2025-08-26T12:49:45.093Z") -> 2025-08-26T12:49:45.093Z | B47: =IFERROR(__xludf.DUMMYFUNCTION("""COMPUTED_VALUE"""),"2025-08-26T14:52:47.337+08") -> 2025-08-26T14:52:47.337+08 | C47: =IFERROR(__xludf.DUMMYFUNCTION("""COMPUTED_VALUE"""),"2025-08-26T14:59:17.742+08") -> 2025-08-26T14:59:17.742+08 | D47: =IFERROR(__xludf.DUMMYFUNCTION("""COMPUTED_VALUE"""),"H030375031") -> H030375031 | E47: =IFERROR(__xludf.DUMMYFUNCTION("""COMPUTED_VALUE"""),"M6491032") -> M6491032 | F47: =IFERROR(__xludf.DUMMYFUNCTION("""COMPUTED_VALUE"""),"Rosevil Tayo Desamparado") -> Rosevil Tayo Desamparado | I47: =IFERROR(__xludf.DUMMYFUNCTION("""COMPUTED_VALUE"""),"ICM_Business_linked_launch") -> ICM_Business_linked_launch | J47: =IFERROR(__xludf.DUMMYFUNCTION("""COMPUTED_VALUE"""),"uuid:592d6d2a-950e-45f7-a5cf-ef908c5ec746") -> uuid:592d6d2a-950e-45f7-a5cf-ef908c5ec746
A48: =IFERROR(__xludf.DUMMYFUNCTION("""COMPUTED_VALUE"""),"2025-08-26T12:49:44.568Z") -> 2025-08-26T12:49:44.568Z | B48: =IFERROR(__xludf.DUMMYFUNCTION("""COMPUTED_VALUE"""),"2025-08-26T11:33:31.577+08") -> 2025-08-26T11:33:31.577+08 | C48: =IFERROR(__xludf.DUMMYFUNCTION("""COMPUTED_VALUE"""),"2025-08-26T11:38:02.021+08") -> 2025-08-26T11:38:02.021+08 | D48: =IFERROR(__xludf.DUMMYFUNCTION("""COMPUTED_VALUE"""),"H030375016") -> H030375016 | E48: =IFERROR(__xludf.DUMMYFUNCTION("""COMPUTED_VALUE"""),"M6491032") -> M6491032 | F48: =IFERROR(__xludf.DUMMYFUNCTION("""COMPUTED_VALUE"""),"Rosevil Tayo Desamparado") -> Rosevil Tayo Desamparado | I48: =IFERROR(__xludf.DUMMYFUNCTION("""COMPUTED_VALUE"""),"ICM_Business_linked_launch") -> ICM_Business_linked_launch | J48: =IFERROR(__xludf.DUMMYFUNCTION("""COMPUTED_VALUE"""),"uuid:d012648e-0669-475c-bae6-ff652ca6b2a9") -> uuid:d012648e-0669-475c-bae6-ff652ca6b2a9
A49: =IFERROR(__xludf.DUMMYFUNCTION("""COMPUTED_VALUE"""),"2025-08-26T13:04:08.652Z") -> 2025-08-26T13:04:08.652Z | B49: =IFERROR(__xludf.DUMMYFUNCTION("""COMPUTED_VALUE"""),"2025-08-26T10:21:29.556+08") -> 2025-08-26T10:21:29.556+08 | C49: =IFERROR(__xludf.DUMMYFUNCTION("""COMPUTED_VALUE"""),"2025-08-26T10:38:04.051+08") -> 2025-08-26T10:38:04.051+08 | D49: =IFERROR(__xludf.DUMMYFUNCTION("""COMPUTED_VALUE"""),"H030255025") -> H030255025 | E49: =IFERROR(__xludf.DUMMYFUNCTION("""COMPUTED_VALUE"""),"P1068432") -> P1068432 | F49: =IFERROR(__xludf.DUMMYFUNCTION("""COMPUTED_VALUE"""),"Mark Daniel Balagao Benson") -> Mark Daniel Balagao Benson | I49: =IFERROR(__xludf.DUMMYFUNCTION("""COMPUTED_VALUE"""),"ICM_Business_linked_launch") -> ICM_Business_linked_launch | J49: =IFERROR(__xludf.DUMMYFUNCTION("""COMPUTED_VALUE"""),"uuid:1dae5236-be96-4d0c-91e6-6a4d7aa489b3") -> uuid:1dae5236-be96-4d0c-91e6-6a4d7aa489b3
A50: =IFERROR(__xludf.DUMMYFUNCTION("""COMPUTED_VALUE"""),"2025-08-26T13:04:09.529Z") -> 2025-08-26T13:04:09.529Z | B50: =IFERROR(__xludf.DUMMYFUNCTION("""COMPUTED_VALUE"""),"2025-08-26T12:06:07.372+08") -> 2025-08-26T12:06:07.372+08 | C50: =IFERROR(__xludf.DUMMYFUNCTION("""COMPUTED_VALUE"""),"2025-08-26T12:32:47.046+08") -> 2025-08-26T12:32:47.046+08 | D50: =IFERROR(__xludf.DUMMYFUNCTION("""COMPUTED_VALUE"""),"H030255023") -> H030255023 | E50: =IFERROR(__xludf.DUMMYFUNCTION("""COMPUTED_VALUE"""),"P1068432") -> P1068432 | F50: =IFERROR(__xludf.DUMMYFUNCTION("""COMPUTED_VALUE"""),"Mark Daniel Balagao Benson") -> Mark Daniel Balagao Benson | I50: =IFERROR(__xludf.DUMMYFUNCTION("""COMPUTED_VALUE"""),"ICM_Business_linked_launch") -> ICM_Business_linked_launch | J50: =IFERROR(__xludf.DUMMYFUNCTION("""COMPUTED_VALUE"""),"uuid:e2e58bec-2b69-4e9b-b5ed-f2a84ab04824") -> uuid:e2e58bec-2b69-4e9b-b5ed-f2a84ab04824
A51: =IFERROR(__xludf.DUMMYFUNCTION("""COMPUTED_VALUE"""),"2025-08-26T13:04:10.506Z") -> 2025-08-26T13:04:10.506Z | B51: =IFERROR(__xludf.DUMMYFUNCTION("""COMPUTED_VALUE"""),"2025-08-26T14:48:36.559+08") -> 2025-08-26T14:48:36.559+08 | C51: =IFERROR(__xludf.DUMMYFUNCTION("""COMPUTED_VALUE"""),"2025-08-26T15:03:16.960+08") -> 2025-08-26T15:03:16.960+08 | D51: =IFERROR(__xludf.DUMMYFUNCTION("""COMPUTED_VALUE"""),"H030255018") -> H030255018 | E51: =IFERROR(__xludf.DUMMYFUNCTION("""COMPUTED_VALUE"""),"P1068432") -> P1068432 | F51: =IFERROR(__xludf.DUMMYFUNCTION("""COMPUTED_VALUE"""),"Mark Daniel Balagao Benson") -> Mark Daniel Balagao Benson | I51: =IFERROR(__xludf.DUMMYFUNCTION("""COMPUTED_VALUE"""),"ICM_Business_linked_launch") -> ICM_Business_linked_launch | J51: =IFERROR(__xludf.DUMMYFUNCTION("""COMPUTED_VALUE"""),"uuid:4dfa82ba-4f10-4441-82e0-57aa98d33b47") -> uuid:4dfa82ba-4f10-4441-82e0-57aa98d33b47
A52: =IFERROR(__xludf.DUMMYFUNCTION("""COMPUTED_VALUE"""),"2025-08-27T09:25:16.894Z") -> 2025-08-27T09:25:16.894Z | B52: =IFERROR(__xludf.DUMMYFUNCTION("""COMPUTED_VALUE"""),"2025-08-27T11:24:50.408+08") -> 2025-08-27T11:24:50.408+08 | C52: =IFERROR(__xludf.DUMMYFUNCTION("""COMPUTED_VALUE"""),"2025-08-27T11:34:41.554+08") -> 2025-08-27T11:34:41.554+08 | D52: =IFERROR(__xludf.DUMMYFUNCTION("""COMPUTED_VALUE"""),"H030829032") -> H030829032 | E52: =IFERROR(__xludf.DUMMYFUNCTION("""COMPUTED_VALUE"""),"J4315980") -> J4315980 | F52: =IFERROR(__xludf.DUMMYFUNCTION("""COMPUTED_VALUE"""),"Trixie Marie Jardeleza Saber") -> Trixie Marie Jardeleza Saber | I52: =IFERROR(__xludf.DUMMYFUNCTION("""COMPUTED_VALUE"""),"ICM_Business_linked_launch") -> ICM_Business_linked_launch | J52: =IFERROR(__xludf.DUMMYFUNCTION("""COMPUTED_VALUE"""),"uuid:90fc9d18-0476-4ba4-9f6c-793a650d3059") -> uuid:90fc9d18-0476-4ba4-9f6c-793a650d3059
A53: =IFERROR(__xludf.DUMMYFUNCTION("""COMPUTED_VALUE"""),"2025-08-27T10:17:50.463Z") -> 2025-08-27T10:17:50.463Z | B53: =IFERROR(__xludf.DUMMYFUNCTION("""COMPUTED_VALUE"""),"2025-08-27T10:33:00.087+08") -> 2025-08-27T10:33:00.087+08 | C53: =IFERROR(__xludf.DUMMYFUNCTION("""COMPUTED_VALUE"""),"2025-08-27T12:43:36.980+08") -> 2025-08-27T12:43:36.980+08 | D53: =IFERROR(__xludf.DUMMYFUNCTION("""COMPUTED_VALUE"""),"H019559024") -> H019559024 | E53: =IFERROR(__xludf.DUMMYFUNCTION("""COMPUTED_VALUE"""),859767.0) -> 859767 | F53: =IFERROR(__xludf.DUMMYFUNCTION("""COMPUTED_VALUE"""),"Ramie De Pedro Jr.") -> Ramie De Pedro Jr. | I53: =IFERROR(__xludf.DUMMYFUNCTION("""COMPUTED_VALUE"""),"ICM_Business_linked_launch") -> ICM_Business_linked_launch | J53: =IFERROR(__xludf.DUMMYFUNCTION("""COMPUTED_VALUE"""),"uuid:4028e4b5-c74d-4af2-95cc-d8f8b6b87da6") -> uuid:4028e4b5-c74d-4af2-95cc-d8f8b6b87da6
A54: =IFERROR(__xludf.DUMMYFUNCTION("""COMPUTED_VALUE"""),"2025-08-27T10:17:52.033Z") -> 2025-08-27T10:17:52.033Z | B54: =IFERROR(__xludf.DUMMYFUNCTION("""COMPUTED_VALUE"""),"2025-08-27T14:31:53.082+08") -> 2025-08-27T14:31:53.082+08 | C54: =IFERROR(__xludf.DUMMYFUNCTION("""COMPUTED_VALUE"""),"2025-08-27T14:34:35.015+08") -> 2025-08-27T14:34:35.015+08 | D54: =IFERROR(__xludf.DUMMYFUNCTION("""COMPUTED_VALUE"""),"H019559025") -> H019559025 | E54: =IFERROR(__xludf.DUMMYFUNCTION("""COMPUTED_VALUE"""),859767.0) -> 859767 | F54: =IFERROR(__xludf.DUMMYFUNCTION("""COMPUTED_VALUE"""),"Ramie De Pedro Jr.") -> Ramie De Pedro Jr. | I54: =IFERROR(__xludf.DUMMYFUNCTION("""COMPUTED_VALUE"""),"ICM_Business_linked_launch") -> ICM_Business_linked_launch | J54: =IFERROR(__xludf.DUMMYFUNCTION("""COMPUTED_VALUE"""),"uuid:eb329bbd-57de-4e26-8174-30bb7925612f") -> uuid:eb329bbd-57de-4e26-8174-30bb7925612f
A55: =IFERROR(__xludf.DUMMYFUNCTION("""COMPUTED_VALUE"""),"2025-08-27T10:17:53.178Z") -> 2025-08-27T10:17:53.178Z | B55: =IFERROR(__xludf.DUMMYFUNCTION("""COMPUTED_VALUE"""),"2025-08-27T16:26:52.421+08") -> 2025-08-27T16:26:52.421+08 | C55: =IFERROR(__xludf.DUMMYFUNCTION("""COMPUTED_VALUE"""),"2025-08-27T17:54:56.552+08") -> 2025-08-27T17:54:56.552+08 | D55: =IFERROR(__xludf.DUMMYFUNCTION("""COMPUTED_VALUE"""),"H019559002") -> H019559002 | E55: =IFERROR(__xludf.DUMMYFUNCTION("""COMPUTED_VALUE"""),859767.0) -> 859767 | F55: =IFERROR(__xludf.DUMMYFUNCTION("""COMPUTED_VALUE"""),"Ramie De Pedro Jr.") -> Ramie De Pedro Jr. | I55: =IFERROR(__xludf.DUMMYFUNCTION("""COMPUTED_VALUE"""),"ICM_Business_linked_launch") -> ICM_Business_linked_launch | J55: =IFERROR(__xludf.DUMMYFUNCTION("""COMPUTED_VALUE"""),"uuid:4fd9c694-4826-4a7f-bc52-ebebf6342e56") -> uuid:4fd9c694-4826-4a7f-bc52-ebebf6342e56
A56: =IFERROR(__xludf.DUMMYFUNCTION("""COMPUTED_VALUE"""),"2025-08-27T10:17:53.877Z") -> 2025-08-27T10:17:53.877Z | B56: =IFERROR(__xludf.DUMMYFUNCTION("""COMPUTED_VALUE"""),"2025-08-27T12:11:13.896+08") -> 2025-08-27T12:11:13.896+08 | C56: =IFERROR(__xludf.DUMMYFUNCTION("""COMPUTED_VALUE"""),"2025-08-27T12:29:51.392+08") -> 2025-08-27T12:29:51.392+08 | D56: =IFERROR(__xludf.DUMMYFUNCTION("""COMPUTED_VALUE"""),"H019559029") -> H019559029 | E56: =IFERROR(__xludf.DUMMYFUNCTION("""COMPUTED_VALUE"""),859767.0) -> 859767 | F56: =IFERROR(__xludf.DUMMYFUNCTION("""COMPUTED_VALUE"""),"Ramie De Pedro Jr.") -> Ramie De Pedro Jr. | I56: =IFERROR(__xludf.DUMMYFUNCTION("""COMPUTED_VALUE"""),"ICM_Business_linked_launch") -> ICM_Business_linked_launch | J56: =IFERROR(__xludf.DUMMYFUNCTION("""COMPUTED_VALUE"""),"uuid:30f4a196-2de4-470a-ab83-9768fdc075ee") -> uuid:30f4a196-2de4-470a-ab83-9768fdc075ee
A57: =IFERROR(__xludf.DUMMYFUNCTION("""COMPUTED_VALUE"""),"2025-08-27T10:27:19.674Z") -> 2025-08-27T10:27:19.674Z | B57: =IFERROR(__xludf.DUMMYFUNCTION("""COMPUTED_VALUE"""),"2025-08-27T07:52:59.569+08") -> 2025-08-27T07:52:59.569+08 | C57: =IFERROR(__xludf.DUMMYFUNCTION("""COMPUTED_VALUE"""),"2025-08-27T08:13:43.629+08") -> 2025-08-27T08:13:43.629+08 | D57: =IFERROR(__xludf.DUMMYFUNCTION("""COMPUTED_VALUE"""),"H030255030") -> H030255030 | E57: =IFERROR(__xludf.DUMMYFUNCTION("""COMPUTED_VALUE"""),"O3925718") -> O3925718 | F57: =IFERROR(__xludf.DUMMYFUNCTION("""COMPUTED_VALUE"""),"Adrian Montecastro Ferrer") -> Adrian Montecastro Ferrer | I57: =IFERROR(__xludf.DUMMYFUNCTION("""COMPUTED_VALUE"""),"ICM_Business_linked_launch") -> ICM_Business_linked_launch | J57: =IFERROR(__xludf.DUMMYFUNCTION("""COMPUTED_VALUE"""),"uuid:428b0707-9da1-448b-89cd-b0f59d6d7157") -> uuid:428b0707-9da1-448b-89cd-b0f59d6d7157
A58: =IFERROR(__xludf.DUMMYFUNCTION("""COMPUTED_VALUE"""),"2025-08-27T10:49:41.043Z") -> 2025-08-27T10:49:41.043Z | B58: =IFERROR(__xludf.DUMMYFUNCTION("""COMPUTED_VALUE"""),"2025-08-27T09:37:28.261+08") -> 2025-08-27T09:37:28.261+08 | C58: =IFERROR(__xludf.DUMMYFUNCTION("""COMPUTED_VALUE"""),"2025-08-27T09:40:21.651+08") -> 2025-08-27T09:40:21.651+08 | D58: =IFERROR(__xludf.DUMMYFUNCTION("""COMPUTED_VALUE"""),"H019728021") -> H019728021 | E58: =IFERROR(__xludf.DUMMYFUNCTION("""COMPUTED_VALUE"""),841329.0) -> 841329 | F58: =IFERROR(__xludf.DUMMYFUNCTION("""COMPUTED_VALUE"""),"Aila Eli") -> Aila Eli | I58: =IFERROR(__xludf.DUMMYFUNCTION("""COMPUTED_VALUE"""),"ICM_Business_linked_launch") -> ICM_Business_linked_launch | J58: =IFERROR(__xludf.DUMMYFUNCTION("""COMPUTED_VALUE"""),"uuid:c243d349-d5df-45e6-8b67-89219c8c1aca") -> uuid:c243d349-d5df-45e6-8b67-89219c8c1aca
A59: =IFERROR(__xludf.DUMMYFUNCTION("""COMPUTED_VALUE"""),"2025-08-27T10:49:41.867Z") -> 2025-08-27T10:49:41.867Z | B59: =IFERROR(__xludf.DUMMYFUNCTION("""COMPUTED_VALUE"""),"2025-08-27T11:51:38.554+08") -> 2025-08-27T11:51:38.554+08 | C59: =IFERROR(__xludf.DUMMYFUNCTION("""COMPUTED_VALUE"""),"2025-08-27T12:03:14.502+08") -> 2025-08-27T12:03:14.502+08 | D59: =IFERROR(__xludf.DUMMYFUNCTION("""COMPUTED_VALUE"""),"H019728020") -> H019728020 | E59: =IFERROR(__xludf.DUMMYFUNCTION("""COMPUTED_VALUE"""),841329.0) -> 841329 | F59: =IFERROR(__xludf.DUMMYFUNCTION("""COMPUTED_VALUE"""),"Aila Eli") -> Aila Eli | I59: =IFERROR(__xludf.DUMMYFUNCTION("""COMPUTED_VALUE"""),"ICM_Business_linked_launch") -> ICM_Business_linked_launch | J59: =IFERROR(__xludf.DUMMYFUNCTION("""COMPUTED_VALUE"""),"uuid:20e89d5d-672b-4276-8b57-b7aaf8c03aaf") -> uuid:20e89d5d-672b-4276-8b57-b7aaf8c03aaf
A60: =IFERROR(__xludf.DUMMYFUNCTION("""COMPUTED_VALUE"""),"2025-08-27T10:49:41.527Z") -> 2025-08-27T10:49:41.527Z | B60: =IFERROR(__xludf.DUMMYFUNCTION("""COMPUTED_VALUE"""),"2025-08-27T10:39:21.507+08") -> 2025-08-27T10:39:21.507+08 | C60: =IFERROR(__xludf.DUMMYFUNCTION("""COMPUTED_VALUE"""),"2025-08-27T10:57:33.818+08") -> 2025-08-27T10:57:33.818+08 | D60: =IFERROR(__xludf.DUMMYFUNCTION("""COMPUTED_VALUE"""),"H019728018") -> H019728018 | E60: =IFERROR(__xludf.DUMMYFUNCTION("""COMPUTED_VALUE"""),841329.0) -> 841329 | F60: =IFERROR(__xludf.DUMMYFUNCTION("""COMPUTED_VALUE"""),"Aila Eli") -> Aila Eli | I60: =IFERROR(__xludf.DUMMYFUNCTION("""COMPUTED_VALUE"""),"ICM_Business_linked_launch") -> ICM_Business_linked_launch | J60: =IFERROR(__xludf.DUMMYFUNCTION("""COMPUTED_VALUE"""),"uuid:51d8c4df-bdce-444e-9ccc-b0b06e5c9a6e") -> uuid:51d8c4df-bdce-444e-9ccc-b0b06e5c9a6e
A61: =IFERROR(__xludf.DUMMYFUNCTION("""COMPUTED_VALUE"""),"2025-08-27T10:49:43.153Z") -> 2025-08-27T10:49:43.153Z | B61: =IFERROR(__xludf.DUMMYFUNCTION("""COMPUTED_VALUE"""),"2025-08-27T14:42:51.246+08") -> 2025-08-27T14:42:51.246+08 | C61: =IFERROR(__xludf.DUMMYFUNCTION("""COMPUTED_VALUE"""),"2025-08-27T14:56:22.389+08") -> 2025-08-27T14:56:22.389+08 | D61: =IFERROR(__xludf.DUMMYFUNCTION("""COMPUTED_VALUE"""),"H019728032") -> H019728032 | E61: =IFERROR(__xludf.DUMMYFUNCTION("""COMPUTED_VALUE"""),841329.0) -> 841329 | F61: =IFERROR(__xludf.DUMMYFUNCTION("""COMPUTED_VALUE"""),"Aila Eli") -> Aila Eli | I61: =IFERROR(__xludf.DUMMYFUNCTION("""COMPUTED_VALUE"""),"ICM_Business_linked_launch") -> ICM_Business_linked_launch | J61: =IFERROR(__xludf.DUMMYFUNCTION("""COMPUTED_VALUE"""),"uuid:ee0f1d48-ca82-48f1-960d-d2bf161af011") -> uuid:ee0f1d48-ca82-48f1-960d-d2bf161af011
A62: =IFERROR(__xludf.DUMMYFUNCTION("""COMPUTED_VALUE"""),"2025-08-27T10:49:42.814Z") -> 2025-08-27T10:49:42.814Z | B62: =IFERROR(__xludf.DUMMYFUNCTION("""COMPUTED_VALUE"""),"2025-08-27T13:02:42.574+08") -> 2025-08-27T13:02:42.574+08 | C62: =IFERROR(__xludf.DUMMYFUNCTION("""COMPUTED_VALUE"""),"2025-08-27T13:08:03.991+08") -> 2025-08-27T13:08:03.991+08 | D62: =IFERROR(__xludf.DUMMYFUNCTION("""COMPUTED_VALUE"""),"H019728027") -> H019728027 | E62: =IFERROR(__xludf.DUMMYFUNCTION("""COMPUTED_VALUE"""),841329.0) -> 841329 | F62: =IFERROR(__xludf.DUMMYFUNCTION("""COMPUTED_VALUE"""),"Aila Eli") -> Aila Eli | I62: =IFERROR(__xludf.DUMMYFUNCTION("""COMPUTED_VALUE"""),"ICM_Business_linked_launch") -> ICM_Business_linked_launch | J62: =IFERROR(__xludf.DUMMYFUNCTION("""COMPUTED_VALUE"""),"uuid:fd4fecbe-6f97-47e1-b3f0-fc6aef754c99") -> uuid:fd4fecbe-6f97-47e1-b3f0-fc6aef754c99
A63: =IFERROR(__xludf.DUMMYFUNCTION("""COMPUTED_VALUE"""),"2025-08-27T10:52:08.346Z") -> 2025-08-27T10:52:08.346Z | B63: =IFERROR(__xludf.DUMMYFUNCTION("""COMPUTED_VALUE"""),"2025-08-27T09:47:00.475+08") -> 2025-08-27T09:47:00.475+08 | C63: =IFERROR(__xludf.DUMMYFUNCTION("""COMPUTED_VALUE"""),"2025-08-27T09:51:54.756+08") -> 2025-08-27T09:51:54.756+08 | D63: =IFERROR(__xludf.DUMMYFUNCTION("""COMPUTED_VALUE"""),"H019728031") -> H019728031 | E63: =IFERROR(__xludf.DUMMYFUNCTION("""COMPUTED_VALUE"""),455939.0) -> 455939 | F63: =IFERROR(__xludf.DUMMYFUNCTION("""COMPUTED_VALUE"""),"Mary Jean Villaflor (duplicate name received from ICM_follow_up_launch on August 26, 2025 11:49 UTC+00:00; submission key: uuid:58eb9512-174e-4e57-ac68-bdc54e35ccff)") -> Mary Jean Villaflor (duplicate name received from ICM_follow_up_launch on August 26, 2025 11:49 UTC+00:00; submission key: uuid:58eb9512-174e-4e57-ac68-bdc54e35ccff) | I63: =IFERROR(__xludf.DUMMYFUNCTION("""COMPUTED_VALUE"""),"ICM_Business_linked_launch") -> ICM_Business_linked_launch | J63: =IFERROR(__xludf.DUMMYFUNCTION("""COMPUTED_VALUE"""),"uuid:9905dfeb-bab5-4378-85d9-c088e557f562") -> uuid:9905dfeb-bab5-4378-85d9-c088e557f562
A64: =IFERROR(__xludf.DUMMYFUNCTION("""COMPUTED_VALUE"""),"2025-08-27T10:52:09.176Z") -> 2025-08-27T10:52:09.176Z | B64: =IFERROR(__xludf.DUMMYFUNCTION("""COMPUTED_VALUE"""),"2025-08-27T10:32:53.992+08") -> 2025-08-27T10:32:53.992+08 | C64: =IFERROR(__xludf.DUMMYFUNCTION("""COMPUTED_VALUE"""),"2025-08-27T10:40:24.186+08") -> 2025-08-27T10:40:24.186+08 | D64: =IFERROR(__xludf.DUMMYFUNCTION("""COMPUTED_VALUE"""),"H019728035") -> H019728035 | E64: =IFERROR(__xludf.DUMMYFUNCTION("""COMPUTED_VALUE"""),455939.0) -> 455939 | F64: =IFERROR(__xludf.DUMMYFUNCTION("""COMPUTED_VALUE"""),"Mary Jean Villaflor (duplicate name received from ICM_follow_up_launch on August 26, 2025 11:49 UTC+00:00; submission key: uuid:58eb9512-174e-4e57-ac68-bdc54e35ccff)") -> Mary Jean Villaflor (duplicate name received from ICM_follow_up_launch on August 26, 2025 11:49 UTC+00:00; submission key: uuid:58eb9512-174e-4e57-ac68-bdc54e35ccff) | I64: =IFERROR(__xludf.DUMMYFUNCTION("""COMPUTED_VALUE"""),"ICM_Business_linked_launch") -> ICM_Business_linked_launch | J64: =IFERROR(__xludf.DUMMYFUNCTION("""COMPUTED_VALUE"""),"uuid:31c86801-6ffe-4b92-a714-55ae7a000686") -> uuid:31c86801-6ffe-4b92-a714-55ae7a000686
A65: =IFERROR(__xludf.DUMMYFUNCTION("""COMPUTED_VALUE"""),"2025-08-27T10:52:09.829Z") -> 2025-08-27T10:52:09.829Z | B65: =IFERROR(__xludf.DUMMYFUNCTION("""COMPUTED_VALUE"""),"2025-08-27T11:18:40.082+08") -> 2025-08-27T11:18:40.082+08 | C65: =IFERROR(__xludf.DUMMYFUNCTION("""COMPUTED_VALUE"""),"2025-08-27T11:25:15.575+08") -> 2025-08-27T11:25:15.575+08 | D65: =IFERROR(__xludf.DUMMYFUNCTION("""COMPUTED_VALUE"""),"H019728034") -> H019728034 | E65: =IFERROR(__xludf.DUMMYFUNCTION("""COMPUTED_VALUE"""),455939.0) -> 455939 | F65: =IFERROR(__xludf.DUMMYFUNCTION("""COMPUTED_VALUE"""),"Mary Jean Villaflor (duplicate name received from ICM_follow_up_launch on August 26, 2025 11:49 UTC+00:00; submission key: uuid:58eb9512-174e-4e57-ac68-bdc54e35ccff)") -> Mary Jean Villaflor (duplicate name received from ICM_follow_up_launch on August 26, 2025 11:49 UTC+00:00; submission key: uuid:58eb9512-174e-4e57-ac68-bdc54e35ccff) | I65: =IFERROR(__xludf.DUMMYFUNCTION("""COMPUTED_VALUE"""),"ICM_Business_linked_launch") -> ICM_Business_linked_launch | J65: =IFERROR(__xludf.DUMMYFUNCTION("""COMPUTED_VALUE"""),"uuid:ddcf4ff6-a85d-4a2b-a824-827f7b7dcab4") -> uuid:ddcf4ff6-a85d-4a2b-a824-827f7b7dcab4
A66: =IFERROR(__xludf.DUMMYFUNCTION("""COMPUTED_VALUE"""),"2025-08-27T10:52:10.625Z") -> 2025-08-27T10:52:10.625Z | B66: =IFERROR(__xludf.DUMMYFUNCTION("""COMPUTED_VALUE"""),"2025-08-27T12:09:36.309+08") -> 2025-08-27T12:09:36.309+08 | C66: =IFERROR(__xludf.DUMMYFUNCTION("""COMPUTED_VALUE"""),"2025-08-27T12:12:58.847+08") -> 2025-08-27T12:12:58.847+08 | D66: =IFERROR(__xludf.DUMMYFUNCTION("""COMPUTED_VALUE"""),"H019728023") -> H019728023 | E66: =IFERROR(__xludf.DUMMYFUNCTION("""COMPUTED_VALUE"""),455939.0) -> 455939 | F66: =IFERROR(__xludf.DUMMYFUNCTION("""COMPUTED_VALUE"""),"Mary Jean Villaflor (duplicate name received from ICM_follow_up_launch on August 26, 2025 11:49 UTC+00:00; submission key: uuid:58eb9512-174e-4e57-ac68-bdc54e35ccff)") -> Mary Jean Villaflor (duplicate name received from ICM_follow_up_launch on August 26, 2025 11:49 UTC+00:00; submission key: uuid:58eb9512-174e-4e57-ac68-bdc54e35ccff) | I66: =IFERROR(__xludf.DUMMYFUNCTION("""COMPUTED_VALUE"""),"ICM_Business_linked_launch") -> ICM_Business_linked_launch | J66: =IFERROR(__xludf.DUMMYFUNCTION("""COMPUTED_VALUE"""),"uuid:24f04f73-3f56-47f9-9b02-808a9cacf17c") -> uuid:24f04f73-3f56-47f9-9b02-808a9cacf17c
A67: =IFERROR(__xludf.DUMMYFUNCTION("""COMPUTED_VALUE"""),"2025-08-27T11:05:43.393Z") -> 2025-08-27T11:05:43.393Z | B67: =IFERROR(__xludf.DUMMYFUNCTION("""COMPUTED_VALUE"""),"2025-08-27T09:40:38.478+08") -> 2025-08-27T09:40:38.478+08 | C67: =IFERROR(__xludf.DUMMYFUNCTION("""COMPUTED_VALUE"""),"2025-08-27T09:48:29.931+08") -> 2025-08-27T09:48:29.931+08 | D67: =IFERROR(__xludf.DUMMYFUNCTION("""COMPUTED_VALUE"""),"H030829028") -> H030829028 | E67: =IFERROR(__xludf.DUMMYFUNCTION("""COMPUTED_VALUE"""),"L2057896") -> L2057896 | F67: =IFERROR(__xludf.DUMMYFUNCTION("""COMPUTED_VALUE"""),"Franz Reoben Posadas Geneblaza") -> Franz Reoben Posadas Geneblaza | I67: =IFERROR(__xludf.DUMMYFUNCTION("""COMPUTED_VALUE"""),"ICM_Business_linked_launch") -> ICM_Business_linked_launch | J67: =IFERROR(__xludf.DUMMYFUNCTION("""COMPUTED_VALUE"""),"uuid:712d68a3-523a-4ef0-9b87-09ffdca919c6") -> uuid:712d68a3-523a-4ef0-9b87-09ffdca919c6
A68: =IFERROR(__xludf.DUMMYFUNCTION("""COMPUTED_VALUE"""),"2025-08-27T11:05:44.238Z") -> 2025-08-27T11:05:44.238Z | B68: =IFERROR(__xludf.DUMMYFUNCTION("""COMPUTED_VALUE"""),"2025-08-27T11:08:17.423+08") -> 2025-08-27T11:08:17.423+08 | C68: =IFERROR(__xludf.DUMMYFUNCTION("""COMPUTED_VALUE"""),"2025-08-27T11:26:47.704+08") -> 2025-08-27T11:26:47.704+08 | D68: =IFERROR(__xludf.DUMMYFUNCTION("""COMPUTED_VALUE"""),"H030829034") -> H030829034 | E68: =IFERROR(__xludf.DUMMYFUNCTION("""COMPUTED_VALUE"""),"L2057896") -> L2057896 | F68: =IFERROR(__xludf.DUMMYFUNCTION("""COMPUTED_VALUE"""),"Franz Reoben Posadas Geneblaza") -> Franz Reoben Posadas Geneblaza | I68: =IFERROR(__xludf.DUMMYFUNCTION("""COMPUTED_VALUE"""),"ICM_Business_linked_launch") -> ICM_Business_linked_launch | J68: =IFERROR(__xludf.DUMMYFUNCTION("""COMPUTED_VALUE"""),"uuid:3303fa39-f454-43ae-a864-4d0845b049bc") -> uuid:3303fa39-f454-43ae-a864-4d0845b049bc
A69: =IFERROR(__xludf.DUMMYFUNCTION("""COMPUTED_VALUE"""),"2025-08-27T11:05:44.884Z") -> 2025-08-27T11:05:44.884Z | B69: =IFERROR(__xludf.DUMMYFUNCTION("""COMPUTED_VALUE"""),"2025-08-27T13:00:01.506+08") -> 2025-08-27T13:00:01.506+08 | C69: =IFERROR(__xludf.DUMMYFUNCTION("""COMPUTED_VALUE"""),"2025-08-27T13:15:43.366+08") -> 2025-08-27T13:15:43.366+08 | D69: =IFERROR(__xludf.DUMMYFUNCTION("""COMPUTED_VALUE"""),"H030829020") -> H030829020 | E69: =IFERROR(__xludf.DUMMYFUNCTION("""COMPUTED_VALUE"""),"L2057896") -> L2057896 | F69: =IFERROR(__xludf.DUMMYFUNCTION("""COMPUTED_VALUE"""),"Franz Reoben Posadas Geneblaza") -> Franz Reoben Posadas Geneblaza | I69: =IFERROR(__xludf.DUMMYFUNCTION("""COMPUTED_VALUE"""),"ICM_Business_linked_launch") -> ICM_Business_linked_launch | J69: =IFERROR(__xludf.DUMMYFUNCTION("""COMPUTED_VALUE"""),"uuid:f24e6c72-2783-4ae3-b731-137503b96b13") -> uuid:f24e6c72-2783-4ae3-b731-137503b96b13
A70: =IFERROR(__xludf.DUMMYFUNCTION("""COMPUTED_VALUE"""),"2025-08-27T11:11:45.033Z") -> 2025-08-27T11:11:45.033Z | B70: =IFERROR(__xludf.DUMMYFUNCTION("""COMPUTED_VALUE"""),"2025-08-27T09:25:24.257+08") -> 2025-08-27T09:25:24.257+08 | C70: =IFERROR(__xludf.DUMMYFUNCTION("""COMPUTED_VALUE"""),"2025-08-27T09:29:01.834+08") -> 2025-08-27T09:29:01.834+08 | D70: =IFERROR(__xludf.DUMMYFUNCTION("""COMPUTED_VALUE"""),"H019728024") -> H019728024 | E70: =IFERROR(__xludf.DUMMYFUNCTION("""COMPUTED_VALUE"""),555127.0) -> 555127 | F70: =IFERROR(__xludf.DUMMYFUNCTION("""COMPUTED_VALUE"""),"Mary May") -> Mary May | I70: =IFERROR(__xludf.DUMMYFUNCTION("""COMPUTED_VALUE"""),"ICM_Business_linked_launch") -> ICM_Business_linked_launch | J70: =IFERROR(__xludf.DUMMYFUNCTION("""COMPUTED_VALUE"""),"uuid:0af5ff16-528c-4e17-ad50-4f9bc4643dc9") -> uuid:0af5ff16-528c-4e17-ad50-4f9bc4643dc9
A71: =IFERROR(__xludf.DUMMYFUNCTION("""COMPUTED_VALUE"""),"2025-08-27T11:11:45.686Z") -> 2025-08-27T11:11:45.686Z | B71: =IFERROR(__xludf.DUMMYFUNCTION("""COMPUTED_VALUE"""),"2025-08-27T11:18:28.510+08") -> 2025-08-27T11:18:28.510+08 | C71: =IFERROR(__xludf.DUMMYFUNCTION("""COMPUTED_VALUE"""),"2025-08-27T11:23:27.934+08") -> 2025-08-27T11:23:27.934+08 | D71: =IFERROR(__xludf.DUMMYFUNCTION("""COMPUTED_VALUE"""),"H019728030") -> H019728030 | E71: =IFERROR(__xludf.DUMMYFUNCTION("""COMPUTED_VALUE"""),555127.0) -> 555127 | F71: =IFERROR(__xludf.DUMMYFUNCTION("""COMPUTED_VALUE"""),"Mary May") -> Mary May | I71: =IFERROR(__xludf.DUMMYFUNCTION("""COMPUTED_VALUE"""),"ICM_Business_linked_launch") -> ICM_Business_linked_launch | J71: =IFERROR(__xludf.DUMMYFUNCTION("""COMPUTED_VALUE"""),"uuid:070c9208-f26c-4823-83d1-85b1782d5734") -> uuid:070c9208-f26c-4823-83d1-85b1782d5734
A72: =IFERROR(__xludf.DUMMYFUNCTION("""COMPUTED_VALUE"""),"2025-08-27T11:11:46.070Z") -> 2025-08-27T11:11:46.070Z | B72: =IFERROR(__xludf.DUMMYFUNCTION("""COMPUTED_VALUE"""),"2025-08-27T17:23:36.132+08") -> 2025-08-27T17:23:36.132+08 | C72: =IFERROR(__xludf.DUMMYFUNCTION("""COMPUTED_VALUE"""),"2025-08-27T19:09:40.385+08") -> 2025-08-27T19:09:40.385+08 | D72: =IFERROR(__xludf.DUMMYFUNCTION("""COMPUTED_VALUE"""),"H019728029") -> H019728029 | E72: =IFERROR(__xludf.DUMMYFUNCTION("""COMPUTED_VALUE"""),555127.0) -> 555127 | F72: =IFERROR(__xludf.DUMMYFUNCTION("""COMPUTED_VALUE"""),"Mary May") -> Mary May | I72: =IFERROR(__xludf.DUMMYFUNCTION("""COMPUTED_VALUE"""),"ICM_Business_linked_launch") -> ICM_Business_linked_launch | J72: =IFERROR(__xludf.DUMMYFUNCTION("""COMPUTED_VALUE"""),"uuid:e6001f53-fb15-43c4-b826-9c1e5901ddee") -> uuid:e6001f53-fb15-43c4-b826-9c1e5901ddee
A73: =IFERROR(__xludf.DUMMYFUNCTION("""COMPUTED_VALUE"""),"2025-08-27T11:12:39.928Z") -> 2025-08-27T11:12:39.928Z | B73: =IFERROR(__xludf.DUMMYFUNCTION("""COMPUTED_VALUE"""),"2025-08-27T10:32:32.847+08") -> 2025-08-27T10:32:32.847+08 | C73: =IFERROR(__xludf.DUMMYFUNCTION("""COMPUTED_VALUE"""),"2025-08-27T10:43:21.733+08") -> 2025-08-27T10:43:21.733+08 | D73: =IFERROR(__xludf.DUMMYFUNCTION("""COMPUTED_VALUE"""),"H019505020") -> H019505020 | E73: =IFERROR(__xludf.DUMMYFUNCTION("""COMPUTED_VALUE"""),729375.0) -> 729375 | F73: =IFERROR(__xludf.DUMMYFUNCTION("""COMPUTED_VALUE"""),"Janet Serafica") -> Janet Serafica | I73: =IFERROR(__xludf.DUMMYFUNCTION("""COMPUTED_VALUE"""),"ICM_Business_linked_launch") -> ICM_Business_linked_launch | J73: =IFERROR(__xludf.DUMMYFUNCTION("""COMPUTED_VALUE"""),"uuid:2c24db37-f035-4ae9-8b37-9538abc48bd7") -> uuid:2c24db37-f035-4ae9-8b37-9538abc48bd7
A74: =IFERROR(__xludf.DUMMYFUNCTION("""COMPUTED_VALUE"""),"2025-08-27T11:12:40.691Z") -> 2025-08-27T11:12:40.691Z | B74: =IFERROR(__xludf.DUMMYFUNCTION("""COMPUTED_VALUE"""),"2025-08-27T11:33:07.599+08") -> 2025-08-27T11:33:07.599+08 | C74: =IFERROR(__xludf.DUMMYFUNCTION("""COMPUTED_VALUE"""),"2025-08-27T11:39:30.098+08") -> 2025-08-27T11:39:30.098+08 | D74: =IFERROR(__xludf.DUMMYFUNCTION("""COMPUTED_VALUE"""),"H019505032") -> H019505032 | E74: =IFERROR(__xludf.DUMMYFUNCTION("""COMPUTED_VALUE"""),729375.0) -> 729375 | F74: =IFERROR(__xludf.DUMMYFUNCTION("""COMPUTED_VALUE"""),"Janet Serafica") -> Janet Serafica | I74: =IFERROR(__xludf.DUMMYFUNCTION("""COMPUTED_VALUE"""),"ICM_Business_linked_launch") -> ICM_Business_linked_launch | J74: =IFERROR(__xludf.DUMMYFUNCTION("""COMPUTED_VALUE"""),"uuid:99d95dce-77f5-4ef0-96cb-a159e14c7e45") -> uuid:99d95dce-77f5-4ef0-96cb-a159e14c7e45
A75: =IFERROR(__xludf.DUMMYFUNCTION("""COMPUTED_VALUE"""),"2025-08-27T11:12:41.286Z") -> 2025-08-27T11:12:41.286Z | B75: =IFERROR(__xludf.DUMMYFUNCTION("""COMPUTED_VALUE"""),"2025-08-27T16:06:44.949+08") -> 2025-08-27T16:06:44.949+08 | C75: =IFERROR(__xludf.DUMMYFUNCTION("""COMPUTED_VALUE"""),"2025-08-27T16:10:09.452+08") -> 2025-08-27T16:10:09.452+08 | D75: =IFERROR(__xludf.DUMMYFUNCTION("""COMPUTED_VALUE"""),"H019559017") -> H019559017 | E75: =IFERROR(__xludf.DUMMYFUNCTION("""COMPUTED_VALUE"""),729375.0) -> 729375 | F75: =IFERROR(__xludf.DUMMYFUNCTION("""COMPUTED_VALUE"""),"Janet Serafica") -> Janet Serafica | I75: =IFERROR(__xludf.DUMMYFUNCTION("""COMPUTED_VALUE"""),"ICM_Business_linked_launch") -> ICM_Business_linked_launch | J75: =IFERROR(__xludf.DUMMYFUNCTION("""COMPUTED_VALUE"""),"uuid:eab895c2-9c77-4841-a152-30bfcddc0fe0") -> uuid:eab895c2-9c77-4841-a152-30bfcddc0fe0
A76: =IFERROR(__xludf.DUMMYFUNCTION("""COMPUTED_VALUE"""),"2025-08-27T11:40:50.103Z") -> 2025-08-27T11:40:50.103Z | B76: =IFERROR(__xludf.DUMMYFUNCTION("""COMPUTED_VALUE"""),"2025-08-27T11:10:21.836+08") -> 2025-08-27T11:10:21.836+08 | C76: =IFERROR(__xludf.DUMMYFUNCTION("""COMPUTED_VALUE"""),"2025-08-27T11:11:05.811+08") -> 2025-08-27T11:11:05.811+08 | D76: =IFERROR(__xludf.DUMMYFUNCTION("""COMPUTED_VALUE"""),"H030821028") -> H030821028 | E76: =IFERROR(__xludf.DUMMYFUNCTION("""COMPUTED_VALUE"""),"H2846135") -> H2846135 | F76: =IFERROR(__xludf.DUMMYFUNCTION("""COMPUTED_VALUE"""),"Annalou Empanado Encontro") -> Annalou Empanado Encontro | I76: =IFERROR(__xludf.DUMMYFUNCTION("""COMPUTED_VALUE"""),"ICM_Business_linked_launch") -> ICM_Business_linked_launch | J76: =IFERROR(__xludf.DUMMYFUNCTION("""COMPUTED_VALUE"""),"uuid:3f44c224-fe08-40a8-9ac2-36f1e9814c45") -> uuid:3f44c224-fe08-40a8-9ac2-36f1e9814c45
A77: =IFERROR(__xludf.DUMMYFUNCTION("""COMPUTED_VALUE"""),"2025-08-27T11:40:51.984Z") -> 2025-08-27T11:40:51.984Z | B77: =IFERROR(__xludf.DUMMYFUNCTION("""COMPUTED_VALUE"""),"2025-08-27T15:44:05.486+08") -> 2025-08-27T15:44:05.486+08 | C77: =IFERROR(__xludf.DUMMYFUNCTION("""COMPUTED_VALUE"""),"2025-08-27T15:50:37.529+08") -> 2025-08-27T15:50:37.529+08 | D77: =IFERROR(__xludf.DUMMYFUNCTION("""COMPUTED_VALUE"""),"H030821023") -> H030821023 | E77: =IFERROR(__xludf.DUMMYFUNCTION("""COMPUTED_VALUE"""),"H2846135") -> H2846135 | F77: =IFERROR(__xludf.DUMMYFUNCTION("""COMPUTED_VALUE"""),"Annalou Empanado Encontro") -> Annalou Empanado Encontro | I77: =IFERROR(__xludf.DUMMYFUNCTION("""COMPUTED_VALUE"""),"ICM_Business_linked_launch") -> ICM_Business_linked_launch | J77: =IFERROR(__xludf.DUMMYFUNCTION("""COMPUTED_VALUE"""),"uuid:5ce3c221-046f-46af-a0fd-ad7ed5cc59d9") -> uuid:5ce3c221-046f-46af-a0fd-ad7ed5cc59d9
A78: =IFERROR(__xludf.DUMMYFUNCTION("""COMPUTED_VALUE"""),"2025-08-27T11:40:52.823Z") -> 2025-08-27T11:40:52.823Z | B78: =IFERROR(__xludf.DUMMYFUNCTION("""COMPUTED_VALUE"""),"2025-08-27T12:31:55.805+08") -> 2025-08-27T12:31:55.805+08 | C78: =IFERROR(__xludf.DUMMYFUNCTION("""COMPUTED_VALUE"""),"2025-08-27T12:42:02.380+08") -> 2025-08-27T12:42:02.380+08 | D78: =IFERROR(__xludf.DUMMYFUNCTION("""COMPUTED_VALUE"""),"H030821017") -> H030821017 | E78: =IFERROR(__xludf.DUMMYFUNCTION("""COMPUTED_VALUE"""),"H2846135") -> H2846135 | F78: =IFERROR(__xludf.DUMMYFUNCTION("""COMPUTED_VALUE"""),"Annalou Empanado Encontro") -> Annalou Empanado Encontro | I78: =IFERROR(__xludf.DUMMYFUNCTION("""COMPUTED_VALUE"""),"ICM_Business_linked_launch") -> ICM_Business_linked_launch | J78: =IFERROR(__xludf.DUMMYFUNCTION("""COMPUTED_VALUE"""),"uuid:7696b681-5444-49f0-8087-8d306bac56ef") -> uuid:7696b681-5444-49f0-8087-8d306bac56ef
A79: =IFERROR(__xludf.DUMMYFUNCTION("""COMPUTED_VALUE"""),"2025-08-27T11:40:53.573Z") -> 2025-08-27T11:40:53.573Z | B79: =IFERROR(__xludf.DUMMYFUNCTION("""COMPUTED_VALUE"""),"2025-08-27T09:46:25.150+08") -> 2025-08-27T09:46:25.150+08 | C79: =IFERROR(__xludf.DUMMYFUNCTION("""COMPUTED_VALUE"""),"2025-08-27T09:58:21.064+08") -> 2025-08-27T09:58:21.064+08 | D79: =IFERROR(__xludf.DUMMYFUNCTION("""COMPUTED_VALUE"""),"H030821034") -> H030821034 | E79: =IFERROR(__xludf.DUMMYFUNCTION("""COMPUTED_VALUE"""),"H2846135") -> H2846135 | F79: =IFERROR(__xludf.DUMMYFUNCTION("""COMPUTED_VALUE"""),"Annalou Empanado Encontro") -> Annalou Empanado Encontro | I79: =IFERROR(__xludf.DUMMYFUNCTION("""COMPUTED_VALUE"""),"ICM_Business_linked_launch") -> ICM_Business_linked_launch | J79: =IFERROR(__xludf.DUMMYFUNCTION("""COMPUTED_VALUE"""),"uuid:65cbf368-55b4-4e5b-b0ec-2909ec9005f8") -> uuid:65cbf368-55b4-4e5b-b0ec-2909ec9005f8
A80: =IFERROR(__xludf.DUMMYFUNCTION("""COMPUTED_VALUE"""),"2025-08-27T11:49:13.529Z") -> 2025-08-27T11:49:13.529Z | B80: =IFERROR(__xludf.DUMMYFUNCTION("""COMPUTED_VALUE"""),"2025-08-27T11:56:27.189+08") -> 2025-08-27T11:56:27.189+08 | C80: =IFERROR(__xludf.DUMMYFUNCTION("""COMPUTED_VALUE"""),"2025-08-27T12:07:02.360+08") -> 2025-08-27T12:07:02.360+08 | D80: =IFERROR(__xludf.DUMMYFUNCTION("""COMPUTED_VALUE"""),"H019505026") -> H019505026 | E80: =IFERROR(__xludf.DUMMYFUNCTION("""COMPUTED_VALUE"""),"S2671943") -> S2671943 | F80: =IFERROR(__xludf.DUMMYFUNCTION("""COMPUTED_VALUE"""),"Marvin Mondia") -> Marvin Mondia | I80: =IFERROR(__xludf.DUMMYFUNCTION("""COMPUTED_VALUE"""),"ICM_Business_linked_launch") -> ICM_Business_linked_launch | J80: =IFERROR(__xludf.DUMMYFUNCTION("""COMPUTED_VALUE"""),"uuid:71486a5e-f8df-4675-a43a-9705b0f04eaa") -> uuid:71486a5e-f8df-4675-a43a-9705b0f04eaa
A81: =IFERROR(__xludf.DUMMYFUNCTION("""COMPUTED_VALUE"""),"2025-08-27T11:49:14.782Z") -> 2025-08-27T11:49:14.782Z | B81: =IFERROR(__xludf.DUMMYFUNCTION("""COMPUTED_VALUE"""),"2025-08-27T09:00:43.923+08") -> 2025-08-27T09:00:43.923+08 | C81: =IFERROR(__xludf.DUMMYFUNCTION("""COMPUTED_VALUE"""),"2025-08-27T19:44:29.903+08") -> 2025-08-27T19:44:29.903+08 | D81: =IFERROR(__xludf.DUMMYFUNCTION("""COMPUTED_VALUE"""),"H019505011") -> H019505011 | E81: =IFERROR(__xludf.DUMMYFUNCTION("""COMPUTED_VALUE"""),"S2671943") -> S2671943 | F81: =IFERROR(__xludf.DUMMYFUNCTION("""COMPUTED_VALUE"""),"Marvin Mondia") -> Marvin Mondia | I81: =IFERROR(__xludf.DUMMYFUNCTION("""COMPUTED_VALUE"""),"ICM_Business_linked_launch") -> ICM_Business_linked_launch | J81: =IFERROR(__xludf.DUMMYFUNCTION("""COMPUTED_VALUE"""),"uuid:2779d2bd-17b7-461c-9e21-f64da02f92bf") -> uuid:2779d2bd-17b7-461c-9e21-f64da02f92bf
A82: =IFERROR(__xludf.DUMMYFUNCTION("""COMPUTED_VALUE"""),"2025-08-27T11:49:15.361Z") -> 2025-08-27T11:49:15.361Z | B82: =IFERROR(__xludf.DUMMYFUNCTION("""COMPUTED_VALUE"""),"2025-08-27T14:18:52.117+08") -> 2025-08-27T14:18:52.117+08 | C82: =IFERROR(__xludf.DUMMYFUNCTION("""COMPUTED_VALUE"""),"2025-08-27T19:46:42.525+08") -> 2025-08-27T19:46:42.525+08 | D82: =IFERROR(__xludf.DUMMYFUNCTION("""COMPUTED_VALUE"""),"H019505027") -> H019505027 | E82: =IFERROR(__xludf.DUMMYFUNCTION("""COMPUTED_VALUE"""),"S2671943") -> S2671943 | F82: =IFERROR(__xludf.DUMMYFUNCTION("""COMPUTED_VALUE"""),"Marvin Mondia") -> Marvin Mondia | I82: =IFERROR(__xludf.DUMMYFUNCTION("""COMPUTED_VALUE"""),"ICM_Business_linked_launch") -> ICM_Business_linked_launch | J82: =IFERROR(__xludf.DUMMYFUNCTION("""COMPUTED_VALUE"""),"uuid:df9fba11-e86c-4fef-b0f7-f941f6c6a916") -> uuid:df9fba11-e86c-4fef-b0f7-f941f6c6a916
A83: =IFERROR(__xludf.DUMMYFUNCTION("""COMPUTED_VALUE"""),"2025-08-27T11:52:51.415Z") -> 2025-08-27T11:52:51.415Z | B83: =IFERROR(__xludf.DUMMYFUNCTION("""COMPUTED_VALUE"""),"2025-08-27T13:59:35.751+08") -> 2025-08-27T13:59:35.751+08 | C83: =IFERROR(__xludf.DUMMYFUNCTION("""COMPUTED_VALUE"""),"2025-08-27T15:14:32.790+08") -> 2025-08-27T15:14:32.790+08 | D83: =IFERROR(__xludf.DUMMYFUNCTION("""COMPUTED_VALUE"""),"H030829024") -> H030829024 | E83: =IFERROR(__xludf.DUMMYFUNCTION("""COMPUTED_VALUE"""),"K8623174") -> K8623174 | F83: =IFERROR(__xludf.DUMMYFUNCTION("""COMPUTED_VALUE"""),"Marielle Kaye Ignacio Alonzo") -> Marielle Kaye Ignacio Alonzo | I83: =IFERROR(__xludf.DUMMYFUNCTION("""COMPUTED_VALUE"""),"ICM_Business_linked_launch") -> ICM_Business_linked_launch | J83: =IFERROR(__xludf.DUMMYFUNCTION("""COMPUTED_VALUE"""),"uuid:25517313-b38b-4f64-a2fc-1ef79f9e7a1a") -> uuid:25517313-b38b-4f64-a2fc-1ef79f9e7a1a
A84: =IFERROR(__xludf.DUMMYFUNCTION("""COMPUTED_VALUE"""),"2025-08-27T11:52:50.901Z") -> 2025-08-27T11:52:50.901Z | B84: =IFERROR(__xludf.DUMMYFUNCTION("""COMPUTED_VALUE"""),"2025-08-27T10:54:27.174+08") -> 2025-08-27T10:54:27.174+08 | C84: =IFERROR(__xludf.DUMMYFUNCTION("""COMPUTED_VALUE"""),"2025-08-27T12:14:22.558+08") -> 2025-08-27T12:14:22.558+08 | D84: =IFERROR(__xludf.DUMMYFUNCTION("""COMPUTED_VALUE"""),"H030829019") -> H030829019 | E84: =IFERROR(__xludf.DUMMYFUNCTION("""COMPUTED_VALUE"""),"K8623174") -> K8623174 | F84: =IFERROR(__xludf.DUMMYFUNCTION("""COMPUTED_VALUE"""),"Marielle Kaye Ignacio Alonzo") -> Marielle Kaye Ignacio Alonzo | I84: =IFERROR(__xludf.DUMMYFUNCTION("""COMPUTED_VALUE"""),"ICM_Business_linked_launch") -> ICM_Business_linked_launch | J84: =IFERROR(__xludf.DUMMYFUNCTION("""COMPUTED_VALUE"""),"uuid:59c0ef60-dc31-43fd-a62a-09f80d51be3e") -> uuid:59c0ef60-dc31-43fd-a62a-09f80d51be3e
A85: =IFERROR(__xludf.DUMMYFUNCTION("""COMPUTED_VALUE"""),"2025-08-27T11:52:51.774Z") -> 2025-08-27T11:52:51.774Z | B85: =IFERROR(__xludf.DUMMYFUNCTION("""COMPUTED_VALUE"""),"2025-08-27T09:39:11.009+08") -> 2025-08-27T09:39:11.009+08 | C85: =IFERROR(__xludf.DUMMYFUNCTION("""COMPUTED_VALUE"""),"2025-08-27T19:52:38.685+08") -> 2025-08-27T19:52:38.685+08 | D85: =IFERROR(__xludf.DUMMYFUNCTION("""COMPUTED_VALUE"""),"H030829025") -> H030829025 | E85: =IFERROR(__xludf.DUMMYFUNCTION("""COMPUTED_VALUE"""),"K8623174") -> K8623174 | F85: =IFERROR(__xludf.DUMMYFUNCTION("""COMPUTED_VALUE"""),"Marielle Kaye Ignacio Alonzo") -> Marielle Kaye Ignacio Alonzo | I85: =IFERROR(__xludf.DUMMYFUNCTION("""COMPUTED_VALUE"""),"ICM_Business_linked_launch") -> ICM_Business_linked_launch | J85: =IFERROR(__xludf.DUMMYFUNCTION("""COMPUTED_VALUE"""),"uuid:3a0567ce-bad2-4c65-b6df-768bb9f2c7cd") -> uuid:3a0567ce-bad2-4c65-b6df-768bb9f2c7cd
A86: =IFERROR(__xludf.DUMMYFUNCTION("""COMPUTED_VALUE"""),"2025-08-27T11:54:09.736Z") -> 2025-08-27T11:54:09.736Z | B86: =IFERROR(__xludf.DUMMYFUNCTION("""COMPUTED_VALUE"""),"2025-08-27T10:18:29.156+08") -> 2025-08-27T10:18:29.156+08 | C86: =IFERROR(__xludf.DUMMYFUNCTION("""COMPUTED_VALUE"""),"2025-08-27T10:32:54.161+08") -> 2025-08-27T10:32:54.161+08 | D86: =IFERROR(__xludf.DUMMYFUNCTION("""COMPUTED_VALUE"""),"H030748032") -> H030748032 | E86: =IFERROR(__xludf.DUMMYFUNCTION("""COMPUTED_VALUE"""),"G5472901") -> G5472901 | F86: =IFERROR(__xludf.DUMMYFUNCTION("""COMPUTED_VALUE"""),"Wellyn Grace Alaban Parcia") -> Wellyn Grace Alaban Parcia | I86: =IFERROR(__xludf.DUMMYFUNCTION("""COMPUTED_VALUE"""),"ICM_Business_linked_launch") -> ICM_Business_linked_launch | J86: =IFERROR(__xludf.DUMMYFUNCTION("""COMPUTED_VALUE"""),"uuid:96e0f0e4-2b6b-4a01-aa1d-a349fd43133f") -> uuid:96e0f0e4-2b6b-4a01-aa1d-a349fd43133f
A87: =IFERROR(__xludf.DUMMYFUNCTION("""COMPUTED_VALUE"""),"2025-08-27T11:54:10.044Z") -> 2025-08-27T11:54:10.044Z | B87: =IFERROR(__xludf.DUMMYFUNCTION("""COMPUTED_VALUE"""),"2025-08-27T13:59:30.793+08") -> 2025-08-27T13:59:30.793+08 | C87: =IFERROR(__xludf.DUMMYFUNCTION("""COMPUTED_VALUE"""),"2025-08-27T14:15:15.727+08") -> 2025-08-27T14:15:15.727+08 | D87: =IFERROR(__xludf.DUMMYFUNCTION("""COMPUTED_VALUE"""),"H030748022") -> H030748022 | E87: =IFERROR(__xludf.DUMMYFUNCTION("""COMPUTED_VALUE"""),"G5472901") -> G5472901 | F87: =IFERROR(__xludf.DUMMYFUNCTION("""COMPUTED_VALUE"""),"Wellyn Grace Alaban Parcia") -> Wellyn Grace Alaban Parcia | I87: =IFERROR(__xludf.DUMMYFUNCTION("""COMPUTED_VALUE"""),"ICM_Business_linked_launch") -> ICM_Business_linked_launch | J87: =IFERROR(__xludf.DUMMYFUNCTION("""COMPUTED_VALUE"""),"uuid:d27bf0cc-fed0-42de-bfc4-03fe6ecc6327") -> uuid:d27bf0cc-fed0-42de-bfc4-03fe6ecc6327
A88: =IFERROR(__xludf.DUMMYFUNCTION("""COMPUTED_VALUE"""),"2025-08-27T11:54:10.749Z") -> 2025-08-27T11:54:10.749Z | B88: =IFERROR(__xludf.DUMMYFUNCTION("""COMPUTED_VALUE"""),"2025-08-27T14:15:46.948+08") -> 2025-08-27T14:15:46.948+08 | C88: =IFERROR(__xludf.DUMMYFUNCTION("""COMPUTED_VALUE"""),"2025-08-27T14:31:44.927+08") -> 2025-08-27T14:31:44.927+08 | D88: =IFERROR(__xludf.DUMMYFUNCTION("""COMPUTED_VALUE"""),"H030748028") -> H030748028 | E88: =IFERROR(__xludf.DUMMYFUNCTION("""COMPUTED_VALUE"""),"G5472901") -> G5472901 | F88: =IFERROR(__xludf.DUMMYFUNCTION("""COMPUTED_VALUE"""),"Wellyn Grace Alaban Parcia") -> Wellyn Grace Alaban Parcia | I88: =IFERROR(__xludf.DUMMYFUNCTION("""COMPUTED_VALUE"""),"ICM_Business_linked_launch") -> ICM_Business_linked_launch | J88: =IFERROR(__xludf.DUMMYFUNCTION("""COMPUTED_VALUE"""),"uuid:4d785bbe-b06b-4072-9add-ce097bc464b4") -> uuid:4d785bbe-b06b-4072-9add-ce097bc464b4
A89: =IFERROR(__xludf.DUMMYFUNCTION("""COMPUTED_VALUE"""),"2025-08-27T11:54:11.074Z") -> 2025-08-27T11:54:11.074Z | B89: =IFERROR(__xludf.DUMMYFUNCTION("""COMPUTED_VALUE"""),"2025-08-27T18:32:09.415+08") -> 2025-08-27T18:32:09.415+08 | C89: =IFERROR(__xludf.DUMMYFUNCTION("""COMPUTED_VALUE"""),"2025-08-27T18:36:08.871+08") -> 2025-08-27T18:36:08.871+08 | D89: =IFERROR(__xludf.DUMMYFUNCTION("""COMPUTED_VALUE"""),"H030748014") -> H030748014 | E89: =IFERROR(__xludf.DUMMYFUNCTION("""COMPUTED_VALUE"""),"G5472901") -> G5472901 | F89: =IFERROR(__xludf.DUMMYFUNCTION("""COMPUTED_VALUE"""),"Wellyn Grace Alaban Parcia") -> Wellyn Grace Alaban Parcia | I89: =IFERROR(__xludf.DUMMYFUNCTION("""COMPUTED_VALUE"""),"ICM_Business_linked_launch") -> ICM_Business_linked_launch | J89: =IFERROR(__xludf.DUMMYFUNCTION("""COMPUTED_VALUE"""),"uuid:69a320bc-07ee-443e-9ba9-2776ac2a4bd7") -> uuid:69a320bc-07ee-443e-9ba9-2776ac2a4bd7
A90: =IFERROR(__xludf.DUMMYFUNCTION("""COMPUTED_VALUE"""),"2025-08-27T11:57:35.143Z") -> 2025-08-27T11:57:35.143Z | B90: =IFERROR(__xludf.DUMMYFUNCTION("""COMPUTED_VALUE"""),"2025-08-27T11:10:49.509+08") -> 2025-08-27T11:10:49.509+08 | C90: =IFERROR(__xludf.DUMMYFUNCTION("""COMPUTED_VALUE"""),"2025-08-27T11:17:17.247+08") -> 2025-08-27T11:17:17.247+08 | D90: =IFERROR(__xludf.DUMMYFUNCTION("""COMPUTED_VALUE"""),"H030748033") -> H030748033 | E90: =IFERROR(__xludf.DUMMYFUNCTION("""COMPUTED_VALUE"""),"F3051749") -> F3051749 | F90: =IFERROR(__xludf.DUMMYFUNCTION("""COMPUTED_VALUE"""),"Elenita Gicos De La Pe�a") -> Elenita Gicos De La Pe�a | I90: =IFERROR(__xludf.DUMMYFUNCTION("""COMPUTED_VALUE"""),"ICM_Business_linked_launch") -> ICM_Business_linked_launch | J90: =IFERROR(__xludf.DUMMYFUNCTION("""COMPUTED_VALUE"""),"uuid:b620fa97-2730-4105-a484-3e3359e076a0") -> uuid:b620fa97-2730-4105-a484-3e3359e076a0
A91: =IFERROR(__xludf.DUMMYFUNCTION("""COMPUTED_VALUE"""),"2025-08-27T11:57:36.416Z") -> 2025-08-27T11:57:36.416Z | B91: =IFERROR(__xludf.DUMMYFUNCTION("""COMPUTED_VALUE"""),"2025-08-27T17:18:50.688+08") -> 2025-08-27T17:18:50.688+08 | C91: =IFERROR(__xludf.DUMMYFUNCTION("""COMPUTED_VALUE"""),"2025-08-27T17:37:47.431+08") -> 2025-08-27T17:37:47.431+08 | D91: =IFERROR(__xludf.DUMMYFUNCTION("""COMPUTED_VALUE"""),"H030748019") -> H030748019 | E91: =IFERROR(__xludf.DUMMYFUNCTION("""COMPUTED_VALUE"""),"F3051749") -> F3051749 | F91: =IFERROR(__xludf.DUMMYFUNCTION("""COMPUTED_VALUE"""),"Elenita Gicos De La Pe�a") -> Elenita Gicos De La Pe�a | I91: =IFERROR(__xludf.DUMMYFUNCTION("""COMPUTED_VALUE"""),"ICM_Business_linked_launch") -> ICM_Business_linked_launch | J91: =IFERROR(__xludf.DUMMYFUNCTION("""COMPUTED_VALUE"""),"uuid:5dae5242-4fa7-4b8b-8fa6-ed939c149dda") -> uuid:5dae5242-4fa7-4b8b-8fa6-ed939c149dda
A92: =IFERROR(__xludf.DUMMYFUNCTION("""COMPUTED_VALUE"""),"2025-08-27T11:57:36.134Z") -> 2025-08-27T11:57:36.134Z | B92: =IFERROR(__xludf.DUMMYFUNCTION("""COMPUTED_VALUE"""),"2025-08-27T13:31:02.062+08") -> 2025-08-27T13:31:02.062+08 | C92: =IFERROR(__xludf.DUMMYFUNCTION("""COMPUTED_VALUE"""),"2025-08-27T13:44:57.542+08") -> 2025-08-27T13:44:57.542+08 | D92: =IFERROR(__xludf.DUMMYFUNCTION("""COMPUTED_VALUE"""),"H030748018") -> H030748018 | E92: =IFERROR(__xludf.DUMMYFUNCTION("""COMPUTED_VALUE"""),"F3051749") -> F3051749 | F92: =IFERROR(__xludf.DUMMYFUNCTION("""COMPUTED_VALUE"""),"Elenita Gicos De La Pe�a") -> Elenita Gicos De La Pe�a | I92: =IFERROR(__xludf.DUMMYFUNCTION("""COMPUTED_VALUE"""),"ICM_Business_linked_launch") -> ICM_Business_linked_launch | J92: =IFERROR(__xludf.DUMMYFUNCTION("""COMPUTED_VALUE"""),"uuid:635b53c1-e6f3-4fa9-be63-744c0a6b9268") -> uuid:635b53c1-e6f3-4fa9-be63-744c0a6b9268
A93: =IFERROR(__xludf.DUMMYFUNCTION("""COMPUTED_VALUE"""),"2025-08-27T12:10:28.767Z") -> 2025-08-27T12:10:28.767Z | B93: =IFERROR(__xludf.DUMMYFUNCTION("""COMPUTED_VALUE"""),"2025-08-27T11:49:41.565+08") -> 2025-08-27T11:49:41.565+08 | C93: =IFERROR(__xludf.DUMMYFUNCTION("""COMPUTED_VALUE"""),"2025-08-27T12:02:53.047+08") -> 2025-08-27T12:02:53.047+08 | D93: =IFERROR(__xludf.DUMMYFUNCTION("""COMPUTED_VALUE"""),"H030636013") -> H030636013 | E93: =IFERROR(__xludf.DUMMYFUNCTION("""COMPUTED_VALUE"""),896791.0) -> 896791 | F93: =IFERROR(__xludf.DUMMYFUNCTION("""COMPUTED_VALUE"""),"Roland A. Bandiola jr") -> Roland A. Bandiola jr | I93: =IFERROR(__xludf.DUMMYFUNCTION("""COMPUTED_VALUE"""),"ICM_Business_linked_launch") -> ICM_Business_linked_launch | J93: =IFERROR(__xludf.DUMMYFUNCTION("""COMPUTED_VALUE"""),"uuid:f49097d3-552f-4968-87b2-7f08a2000634") -> uuid:f49097d3-552f-4968-87b2-7f08a2000634
A94: =IFERROR(__xludf.DUMMYFUNCTION("""COMPUTED_VALUE"""),"2025-08-27T12:10:29.881Z") -> 2025-08-27T12:10:29.881Z | B94: =IFERROR(__xludf.DUMMYFUNCTION("""COMPUTED_VALUE"""),"2025-08-27T14:15:04.055+08") -> 2025-08-27T14:15:04.055+08 | C94: =IFERROR(__xludf.DUMMYFUNCTION("""COMPUTED_VALUE"""),"2025-08-27T14:32:08.048+08") -> 2025-08-27T14:32:08.048+08 | D94: =IFERROR(__xludf.DUMMYFUNCTION("""COMPUTED_VALUE"""),"H030636032") -> H030636032 | E94: =IFERROR(__xludf.DUMMYFUNCTION("""COMPUTED_VALUE"""),896791.0) -> 896791 | F94: =IFERROR(__xludf.DUMMYFUNCTION("""COMPUTED_VALUE"""),"Roland A. Bandiola jr") -> Roland A. Bandiola jr | I94: =IFERROR(__xludf.DUMMYFUNCTION("""COMPUTED_VALUE"""),"ICM_Business_linked_launch") -> ICM_Business_linked_launch | J94: =IFERROR(__xludf.DUMMYFUNCTION("""COMPUTED_VALUE"""),"uuid:48820cfc-b4bf-4d5f-acec-bc7d93e700fd") -> uuid:48820cfc-b4bf-4d5f-acec-bc7d93e700fd
A95: =IFERROR(__xludf.DUMMYFUNCTION("""COMPUTED_VALUE"""),"2025-08-27T12:10:30.736Z") -> 2025-08-27T12:10:30.736Z | B95: =IFERROR(__xludf.DUMMYFUNCTION("""COMPUTED_VALUE"""),"2025-08-27T17:09:41.661+08") -> 2025-08-27T17:09:41.661+08 | C95: =IFERROR(__xludf.DUMMYFUNCTION("""COMPUTED_VALUE"""),"2025-08-27T17:14:38.703+08") -> 2025-08-27T17:14:38.703+08 | D95: =IFERROR(__xludf.DUMMYFUNCTION("""COMPUTED_VALUE"""),"H030636029") -> H030636029 | E95: =IFERROR(__xludf.DUMMYFUNCTION("""COMPUTED_VALUE"""),896791.0) -> 896791 | F95: =IFERROR(__xludf.DUMMYFUNCTION("""COMPUTED_VALUE"""),"Roland A. Bandiola jr") -> Roland A. Bandiola jr | I95: =IFERROR(__xludf.DUMMYFUNCTION("""COMPUTED_VALUE"""),"ICM_Business_linked_launch") -> ICM_Business_linked_launch | J95: =IFERROR(__xludf.DUMMYFUNCTION("""COMPUTED_VALUE"""),"uuid:a88899f2-c2e8-444b-bebc-4e6eaa31c8cb") -> uuid:a88899f2-c2e8-444b-bebc-4e6eaa31c8cb
A96: =IFERROR(__xludf.DUMMYFUNCTION("""COMPUTED_VALUE"""),"2025-08-27T12:14:15.784Z") -> 2025-08-27T12:14:15.784Z | B96: =IFERROR(__xludf.DUMMYFUNCTION("""COMPUTED_VALUE"""),"2025-08-27T11:50:26.529+08") -> 2025-08-27T11:50:26.529+08 | C96: =IFERROR(__xludf.DUMMYFUNCTION("""COMPUTED_VALUE"""),"2025-08-27T12:07:04.296+08") -> 2025-08-27T12:07:04.296+08 | D96: =IFERROR(__xludf.DUMMYFUNCTION("""COMPUTED_VALUE"""),"H030636020") -> H030636020 | E96: =IFERROR(__xludf.DUMMYFUNCTION("""COMPUTED_VALUE"""),"B8193462") -> B8193462 | F96: =IFERROR(__xludf.DUMMYFUNCTION("""COMPUTED_VALUE"""),"Mark Lorens Mendoza Gilongo") -> Mark Lorens Mendoza Gilongo | I96: =IFERROR(__xludf.DUMMYFUNCTION("""COMPUTED_VALUE"""),"ICM_Business_linked_launch") -> ICM_Business_linked_launch | J96: =IFERROR(__xludf.DUMMYFUNCTION("""COMPUTED_VALUE"""),"uuid:a5c7f558-bb6b-479d-99a9-b4253a379071") -> uuid:a5c7f558-bb6b-479d-99a9-b4253a379071
A97: =IFERROR(__xludf.DUMMYFUNCTION("""COMPUTED_VALUE"""),"2025-08-27T12:14:39.046Z") -> 2025-08-27T12:14:39.046Z | B97: =IFERROR(__xludf.DUMMYFUNCTION("""COMPUTED_VALUE"""),"2025-08-27T09:42:13.580+08") -> 2025-08-27T09:42:13.580+08 | C97: =IFERROR(__xludf.DUMMYFUNCTION("""COMPUTED_VALUE"""),"2025-08-27T09:47:30.597+08") -> 2025-08-27T09:47:30.597+08 | D97: =IFERROR(__xludf.DUMMYFUNCTION("""COMPUTED_VALUE"""),"H030829035") -> H030829035 | E97: =IFERROR(__xludf.DUMMYFUNCTION("""COMPUTED_VALUE"""),"M6491032") -> M6491032 | F97: =IFERROR(__xludf.DUMMYFUNCTION("""COMPUTED_VALUE"""),"Rosevil Tayo Desamparado") -> Rosevil Tayo Desamparado | I97: =IFERROR(__xludf.DUMMYFUNCTION("""COMPUTED_VALUE"""),"ICM_Business_linked_launch") -> ICM_Business_linked_launch | J97: =IFERROR(__xludf.DUMMYFUNCTION("""COMPUTED_VALUE"""),"uuid:e08b91ca-0a36-4074-aa97-ca1f7f703c5b") -> uuid:e08b91ca-0a36-4074-aa97-ca1f7f703c5b
A98: =IFERROR(__xludf.DUMMYFUNCTION("""COMPUTED_VALUE"""),"2025-08-27T12:14:39.688Z") -> 2025-08-27T12:14:39.688Z | B98: =IFERROR(__xludf.DUMMYFUNCTION("""COMPUTED_VALUE"""),"2025-08-27T11:18:28.656+08") -> 2025-08-27T11:18:28.656+08 | C98: =IFERROR(__xludf.DUMMYFUNCTION("""COMPUTED_VALUE"""),"2025-08-27T11:21:44.472+08") -> 2025-08-27T11:21:44.472+08 | D98: =IFERROR(__xludf.DUMMYFUNCTION("""COMPUTED_VALUE"""),"H030829023") -> H030829023 | E98: =IFERROR(__xludf.DUMMYFUNCTION("""COMPUTED_VALUE"""),"M6491032") -> M6491032 | F98: =IFERROR(__xludf.DUMMYFUNCTION("""COMPUTED_VALUE"""),"Rosevil Tayo Desamparado") -> Rosevil Tayo Desamparado | I98: =IFERROR(__xludf.DUMMYFUNCTION("""COMPUTED_VALUE"""),"ICM_Business_linked_launch") -> ICM_Business_linked_launch | J98: =IFERROR(__xludf.DUMMYFUNCTION("""COMPUTED_VALUE"""),"uuid:9dce2524-7031-4526-a9f4-c2ac88a768f2") -> uuid:9dce2524-7031-4526-a9f4-c2ac88a768f2
A99: =IFERROR(__xludf.DUMMYFUNCTION("""COMPUTED_VALUE"""),"2025-08-27T12:14:40.529Z") -> 2025-08-27T12:14:40.529Z | B99: =IFERROR(__xludf.DUMMYFUNCTION("""COMPUTED_VALUE"""),"2025-08-27T13:07:39.358+08") -> 2025-08-27T13:07:39.358+08 | C99: =IFERROR(__xludf.DUMMYFUNCTION("""COMPUTED_VALUE"""),"2025-08-27T13:25:27.085+08") -> 2025-08-27T13:25:27.085+08 | D99: =IFERROR(__xludf.DUMMYFUNCTION("""COMPUTED_VALUE"""),"H030829022") -> H030829022 | E99: =IFERROR(__xludf.DUMMYFUNCTION("""COMPUTED_VALUE"""),"M6491032") -> M6491032 | F99: =IFERROR(__xludf.DUMMYFUNCTION("""COMPUTED_VALUE"""),"Rosevil Tayo Desamparado") -> Rosevil Tayo Desamparado | I99: =IFERROR(__xludf.DUMMYFUNCTION("""COMPUTED_VALUE"""),"ICM_Business_linked_launch") -> ICM_Business_linked_launch | J99: =IFERROR(__xludf.DUMMYFUNCTION("""COMPUTED_VALUE"""),"uuid:2062d9cf-f3f2-4798-be8b-f77cdcd00115") -> uuid:2062d9cf-f3f2-4798-be8b-f77cdcd00115
A100: =IFERROR(__xludf.DUMMYFUNCTION("""COMPUTED_VALUE"""),"2025-08-27T12:14:46.426Z") -> 2025-08-27T12:14:46.426Z | B100: =IFERROR(__xludf.DUMMYFUNCTION("""COMPUTED_VALUE"""),"2025-08-27T13:34:48.952+08") -> 2025-08-27T13:34:48.952+08 | C100: =IFERROR(__xludf.DUMMYFUNCTION("""COMPUTED_VALUE"""),"2025-08-27T14:27:31.521+08") -> 2025-08-27T14:27:31.521+08 | D100: =IFERROR(__xludf.DUMMYFUNCTION("""COMPUTED_VALUE"""),"H030636007") -> H030636007 | E100: =IFERROR(__xludf.DUMMYFUNCTION("""COMPUTED_VALUE"""),"B8193462") -> B8193462 | F100: =IFERROR(__xludf.DUMMYFUNCTION("""COMPUTED_VALUE"""),"Mark Lorens Mendoza Gilongo") -> Mark Lorens Mendoza Gilongo | I100: =IFERROR(__xludf.DUMMYFUNCTION("""COMPUTED_VALUE"""),"ICM_Business_linked_launch") -> ICM_Business_linked_launch | J100: =IFERROR(__xludf.DUMMYFUNCTION("""COMPUTED_VALUE"""),"uuid:a248110e-73eb-4302-9760-53226256f733") -> uuid:a248110e-73eb-4302-9760-53226256f733
...

Sheet Caseslist
A1: brgy_prefix | B1: Household_ID | C1: Household Survey | D1: ID | E1: FO | F1: ICM Survey | G1: ICM Survey | H1: FO | I1: FO | J1: HH Date Completed | K1: ICM Date Completed | L1: Date Completed | M1: Date Completed | N1: Treatment | O1: Treat
A2: =left(B2,7) -> H030069 | B2: H030069008 | C2: {=IF( AND( IFERROR(MATCH(Caseslist!B2, data!D:D, 0), 0) > 0, IFERROR(INDEX(data!N:N, MATCH(Caseslist!B2, data!D:D, 0)) = 1, FALSE) ), "COMPLETE", "INC" )} -> COMPLETE | D2: {=IFERROR(INDEX(data!$G:$G,match(Caseslist!B2,data!$D:$D,0)), "INC")} -> O3925718 | E2: {=IFERROR(INDEX(data!H:H,match(Caseslist!B2,data!D:D,0)), "INC")} -> Adrian Montecastro Ferrer | F2: {=IF( OR( IFNA(INDEX(data!M:M, MATCH(Caseslist!B2, data!D:D, 0)), "") = "", IFNA(INDEX(data!M:M, MATCH(Caseslist!B2, data!D:D, 0)), 0) = 0 ), "COMPLETE", IF( IFNA(INDEX(dataICM!D:D, MATCH(Caseslist!B2, dataICM!D:D, 0)), "INC") = "INC", IFNA(INDEX(dataICM!D:D, MATCH(Caseslist!B2, dataICM!D:D, 0)), "INC"), "COMPLETE" ) )} -> COMPLETE | G2: {=IF(IFERROR(INDEX(data!L:L,match(Caseslist!B2,data!D:D,0)),"INC")="","COMPLETE",F2)} -> COMPLETE | H2: {=IFERROR(INDEX(dataICM!F:F,match(Caseslist!B2,dataICM!D:D,0)), "INC")} -> INC | I2: =IF(G2="COMPLETE",D2,"INC") -> O3925718 | J2: {=IF( AND( IFERROR(MATCH(B2, data!D:D, 0), 0) > 0, IFERROR(INDEX(data!N:N, MATCH(B2, data!D:D, 0)) = 1, FALSE) ), INDEX(data!C:C, MATCH(B2, data!D:D, 0)), "INC" )} -> 2025-08-25T12:24:30.899+08 | K2: {=IFERROR(INDEX(dataICM!C:C,match(Caseslist!B2,dataICM!D:D,0)), "INC")} -> INC | L2: {=IF(AND(G2="COMPLETE", OR(K2="INC", ISBLANK(INDEX(data!O:O, ROW())))), J2, K2)} -> 2025-08-25T12:24:30.899+08 | M2: {=IFERROR(DATEVALUE(MID(L2:L2724,1,10)),"INC")} -> 45894 | N2: {=IF(M2<>"INC", INDEX(data!M:M, MATCH(B2, data!D:D, 0)), "")} | O2: =IF(AND(N2="",M2<>"INC"),0,N2) -> 0
A3: =left(B3,7) -> H030069 | B3: H030069016 | C3: {=IF( AND( IFERROR(MATCH(Caseslist!B3, data!D:D, 0), 0) > 0, IFERROR(INDEX(data!N:N, MATCH(Caseslist!B3, data!D:D, 0)) = 1, FALSE) ), "COMPLETE", "INC" )} -> COMPLETE | D3: {=IFERROR(INDEX(data!$G:$G,match(Caseslist!B3,data!$D:$D,0)), "INC")} -> M6491032 | E3: {=IFERROR(INDEX(data!H:H,match(Caseslist!B3,data!D:D,0)), "INC")} -> Rosevil Tayo Desamparado | F3: {=IF( OR( IFNA(INDEX(data!M:M, MATCH(Caseslist!B3, data!D:D, 0)), "") = "", IFNA(INDEX(data!M:M, MATCH(Caseslist!B3, data!D:D, 0)), 0) = 0 ), "COMPLETE", IF( IFNA(INDEX(dataICM!D:D, MATCH(Caseslist!B3, dataICM!D:D, 0)), "INC") = "INC", IFNA(INDEX(dataICM!D:D, MATCH(Caseslist!B3, dataICM!D:D, 0)), "INC"), "COMPLETE" ) )} -> COMPLETE | G3: {=IF(IFERROR(INDEX(data!L:L,match(Caseslist!B3,data!D:D,0)),"INC")="","COMPLETE",F3)} -> COMPLETE | H3: {=IFERROR(INDEX(dataICM!F:F,match(Caseslist!B3,dataICM!D:D,0)), "INC")} -> INC | I3: =IF(G3="COMPLETE",D3,"INC") -> M6491032 | J3: {=IF( AND( IFERROR(MATCH(B3, data!D:D, 0), 0) > 0, IFERROR(INDEX(data!N:N, MATCH(B3, data!D:D, 0)) = 1, FALSE) ), INDEX(data!C:C, MATCH(B3, data!D:D, 0)), "INC" )} -> 2025-08-25T11:53:45.055+08 | K3: {=IFERROR(INDEX(dataICM!C:C,match(Caseslist!B3,dataICM!D:D,0)), "INC")} -> INC | L3: {=IF(AND(G3="COMPLETE", OR(K3="INC", ISBLANK(INDEX(data!O:O, ROW())))), J3, K3)} -> 2025-08-25T11:53:45.055+08 | M3: 45894 | N3: {=IF(M3<>"INC", INDEX(data!M:M, MATCH(B3, data!D:D, 0)), "")} | O3: =IF(AND(N3="",M3<>"INC"),0,N3) -> 0
A4: =left(B4,7) -> H030069 | B4: H030069017 | C4: {=IF( AND( IFERROR(MATCH(Caseslist!B4, data!D:D, 0), 0) > 0, IFERROR(INDEX(data!N:N, MATCH(Caseslist!B4, data!D:D, 0)) = 1, FALSE) ), "COMPLETE", "INC" )} -> COMPLETE | D4: {=IFERROR(INDEX(data!$G:$G,match(Caseslist!B4,data!$D:$D,0)), "INC")} -> N7814260 | E4: {=IFERROR(INDEX(data!H:H,match(Caseslist!B4,data!D:D,0)), "INC")} -> Jemma Marie Tillo | F4: {=IF( OR( IFNA(INDEX(data!M:M, MATCH(Caseslist!B4, data!D:D, 0)), "") = "", IFNA(INDEX(data!M:M, MATCH(Caseslist!B4, data!D:D, 0)), 0) = 0 ), "COMPLETE", IF( IFNA(INDEX(dataICM!D:D, MATCH(Caseslist!B4, dataICM!D:D, 0)), "INC") = "INC", IFNA(INDEX(dataICM!D:D, MATCH(Caseslist!B4, dataICM!D:D, 0)), "INC"), "COMPLETE" ) )} -> COMPLETE | G4: {=IF(IFERROR(INDEX(data!L:L,match(Caseslist!B4,data!D:D,0)),"INC")="","COMPLETE",F4)} -> COMPLETE | H4: {=IFERROR(INDEX(dataICM!F:F,match(Caseslist!B4,dataICM!D:D,0)), "INC")} -> INC | I4: =IF(G4="COMPLETE",D4,"INC") -> N7814260 | J4: {=IF( AND( IFERROR(MATCH(B4, data!D:D, 0), 0) > 0, IFERROR(INDEX(data!N:N, MATCH(B4, data!D:D, 0)) = 1, FALSE) ), INDEX(data!C:C, MATCH(B4, data!D:D, 0)), "INC" )} -> 2025-08-25T14:52:27.078+08 | K4: {=IFERROR(INDEX(dataICM!C:C,match(Caseslist!B4,dataICM!D:D,0)), "INC")} -> INC | L4: {=IF(AND(G4="COMPLETE", OR(K4="INC", ISBLANK(INDEX(data!O:O, ROW())))), J4, K4)} -> 2025-08-25T14:52:27.078+08 | M4: 45894 | N4: {=IF(M4<>"INC", INDEX(data!M:M, MATCH(B4, data!D:D, 0)), "")} | O4: =IF(AND(N4="",M4<>"INC"),0,N4) -> 0
A5: =left(B5,7) -> H030069 | B5: H030069018 | C5: {=IF( AND( IFERROR(MATCH(Caseslist!B5, data!D:D, 0), 0) > 0, IFERROR(INDEX(data!N:N, MATCH(Caseslist!B5, data!D:D, 0)) = 1, FALSE) ), "COMPLETE", "INC" )} -> COMPLETE | D5: {=IFERROR(INDEX(data!$G:$G,match(Caseslist!B5,data!$D:$D,0)), "INC")} -> O3925718 | E5: {=IFERROR(INDEX(data!H:H,match(Caseslist!B5,data!D:D,0)), "INC")} -> Adrian Montecastro Ferrer | F5: {=IF( OR( IFNA(INDEX(data!M:M, MATCH(Caseslist!B5, data!D:D, 0)), "") = "", IFNA(INDEX(data!M:M, MATCH(Caseslist!B5, data!D:D, 0)), 0) = 0 ), "COMPLETE", IF( IFNA(INDEX(dataICM!D:D, MATCH(Caseslist!B5, dataICM!D:D, 0)), "INC") = "INC", IFNA(INDEX(dataICM!D:D, MATCH(Caseslist!B5, dataICM!D:D, 0)), "INC"), "COMPLETE" ) )} -> COMPLETE | G5: {=IF(IFERROR(INDEX(data!L:L,match(Caseslist!B5,data!D:D,0)),"INC")="","COMPLETE",F5)} -> COMPLETE | H5: {=IFERROR(INDEX(dataICM!F:F,match(Caseslist!B5,dataICM!D:D,0)), "INC")} -> INC | I5: =IF(G5="COMPLETE",D5,"INC") -> O3925718 | J5: {=IF( AND( IFERROR(MATCH(B5, data!D:D, 0), 0) > 0, IFERROR(INDEX(data!N:N, MATCH(B5, data!D:D, 0)) = 1, FALSE) ), INDEX(data!C:C, MATCH(B5, data!D:D, 0)), "INC" )} -> 2025-08-25T13:34:43.797+08 | K5: {=IFERROR(INDEX(dataICM!C:C,match(Caseslist!B5,dataICM!D:D,0)), "INC")} -> INC | L5: {=IF(AND(G5="COMPLETE", OR(K5="INC", ISBLANK(INDEX(data!O:O, ROW())))), J5, K5)} -> 2025-08-25T13:34:43.797+08 | M5: 45894 | N5: {=IF(M5<>"INC", INDEX(data!M:M, MATCH(B5, data!D:D, 0)), "")} | O5: =IF(AND(N5="",M5<>"INC"),0,N5) -> 0
A6: =left(B6,7) -> H030069 | B6: H030069019 | C6: {=IF( AND( IFERROR(MATCH(Caseslist!B6, data!D:D, 0), 0) > 0, IFERROR(INDEX(data!N:N, MATCH(Caseslist!B6, data!D:D, 0)) = 1, FALSE) ), "COMPLETE", "INC" )} -> COMPLETE | D6: {=IFERROR(INDEX(data!$G:$G,match(Caseslist!B6,data!$D:$D,0)), "INC")} -> P1068432 | E6: {=IFERROR(INDEX(data!H:H,match(Caseslist!B6,data!D:D,0)), "INC")} -> Mark Daniel Balagao Benson | F6: {=IF( OR( IFNA(INDEX(data!M:M, MATCH(Caseslist!B6, data!D:D, 0)), "") = "", IFNA(INDEX(data!M:M, MATCH(Caseslist!B6, data!D:D, 0)), 0) = 0 ), "COMPLETE", IF( IFNA(INDEX(dataICM!D:D, MATCH(Caseslist!B6, dataICM!D:D, 0)), "INC") = "INC", IFNA(INDEX(dataICM!D:D, MATCH(Caseslist!B6, dataICM!D:D, 0)), "INC"), "COMPLETE" ) )} -> COMPLETE | G6: {=IF(IFERROR(INDEX(data!L:L,match(Caseslist!B6,data!D:D,0)),"INC")="","COMPLETE",F6)} -> COMPLETE | H6: {=IFERROR(INDEX(dataICM!F:F,match(Caseslist!B6,dataICM!D:D,0)), "INC")} -> INC | I6: =IF(G6="COMPLETE",D6,"INC") -> P1068432 | J6: {=IF( AND( IFERROR(MATCH(B6, data!D:D, 0), 0) > 0, IFERROR(INDEX(data!N:N, MATCH(B6, data!D:D, 0)) = 1, FALSE) ), INDEX(data!C:C, MATCH(B6, data!D:D, 0)), "INC" )} -> 2025-08-25T12:40:04.683+08 | K6: {=IFERROR(INDEX(dataICM!C:C,match(Caseslist!B6,dataICM!D:D,0)), "INC")} -> INC | L6: {=IF(AND(G6="COMPLETE", OR(K6="INC", ISBLANK(INDEX(data!O:O, ROW())))), J6, K6)} -> 2025-08-25T12:40:04.683+08 | M6: 45894 | N6: {=IF(M6<>"INC", INDEX(data!M:M, MATCH(B6, data!D:D, 0)), "")} | O6: =IF(AND(N6="",M6<>"INC"),0,N6) -> 0
A7: =left(B7,7) -> H030069 | B7: H030069021 | C7: {=IF( AND( IFERROR(MATCH(Caseslist!B7, data!D:D, 0), 0) > 0, IFERROR(INDEX(data!N:N, MATCH(Caseslist!B7, data!D:D, 0)) = 1, FALSE) ), "COMPLETE", "INC" )} -> COMPLETE | D7: {=IFERROR(INDEX(data!$G:$G,match(Caseslist!B7,data!$D:$D,0)), "INC")} -> P1068432 | E7: {=IFERROR(INDEX(data!H:H,match(Caseslist!B7,data!D:D,0)), "INC")} -> Mark Daniel Balagao Benson | F7: {=IF( OR( IFNA(INDEX(data!M:M, MATCH(Caseslist!B7, data!D:D, 0)), "") = "", IFNA(INDEX(data!M:M, MATCH(Caseslist!B7, data!D:D, 0)), 0) = 0 ), "COMPLETE", IF( IFNA(INDEX(dataICM!D:D, MATCH(Caseslist!B7, dataICM!D:D, 0)), "INC") = "INC", IFNA(INDEX(dataICM!D:D, MATCH(Caseslist!B7, dataICM!D:D, 0)), "INC"), "COMPLETE" ) )} -> COMPLETE | G7: {=IF(IFERROR(INDEX(data!L:L,match(Caseslist!B7,data!D:D,0)),"INC")="","COMPLETE",F7)} -> COMPLETE | H7: {=IFERROR(INDEX(dataICM!F:F,match(Caseslist!B7,dataICM!D:D,0)), "INC")} -> INC | I7: =IF(G7="COMPLETE",D7,"INC") -> P1068432 | J7: {=IF( AND( IFERROR(MATCH(B7, data!D:D, 0), 0) > 0, IFERROR(INDEX(data!N:N, MATCH(B7, data!D:D, 0)) = 1, FALSE) ), INDEX(data!C:C, MATCH(B7, data!D:D, 0)), "INC" )} -> 2025-08-25T14:20:53.301+08 | K7: {=IFERROR(INDEX(dataICM!C:C,match(Caseslist!B7,dataICM!D:D,0)), "INC")} -> INC | L7: {=IF(AND(G7="COMPLETE", OR(K7="INC", ISBLANK(INDEX(data!O:O, ROW())))), J7, K7)} -> 2025-08-25T14:20:53.301+08 | M7: 45894 | N7: {=IF(M7<>"INC", INDEX(data!M:M, MATCH(B7, data!D:D, 0)), "")} | O7: =IF(AND(N7="",M7<>"INC"),0,N7) -> 0
A8: =left(B8,7) -> H030069 | B8: H030069022 | C8: {=IF( AND( IFERROR(MATCH(Caseslist!B8, data!D:D, 0), 0) > 0, IFERROR(INDEX(data!N:N, MATCH(Caseslist!B8, data!D:D, 0)) = 1, FALSE) ), "COMPLETE", "INC" )} -> INC | D8: {=IFERROR(INDEX(data!$G:$G,match(Caseslist!B8,data!$D:$D,0)), "INC")} -> INC | E8: {=IFERROR(INDEX(data!H:H,match(Caseslist!B8,data!D:D,0)), "INC")} -> INC | F8: {=IF( OR( IFNA(INDEX(data!M:M, MATCH(Caseslist!B8, data!D:D, 0)), "") = "", IFNA(INDEX(data!M:M, MATCH(Caseslist!B8, data!D:D, 0)), 0) = 0 ), "COMPLETE", IF( IFNA(INDEX(dataICM!D:D, MATCH(Caseslist!B8, dataICM!D:D, 0)), "INC") = "INC", IFNA(INDEX(dataICM!D:D, MATCH(Caseslist!B8, dataICM!D:D, 0)), "INC"), "COMPLETE" ) )} -> COMPLETE | G8: {=IF(IFERROR(INDEX(data!L:L,match(Caseslist!B8,data!D:D,0)),"INC")="","COMPLETE",F8)} -> COMPLETE | H8: {=IFERROR(INDEX(dataICM!F:F,match(Caseslist!B8,dataICM!D:D,0)), "INC")} -> INC | I8: =IF(G8="COMPLETE",D8,"INC") -> INC | J8: {=IF( AND( IFERROR(MATCH(B8, data!D:D, 0), 0) > 0, IFERROR(INDEX(data!N:N, MATCH(B8, data!D:D, 0)) = 1, FALSE) ), INDEX(data!C:C, MATCH(B8, data!D:D, 0)), "INC" )} -> INC | K8: {=IFERROR(INDEX(dataICM!C:C,match(Caseslist!B8,dataICM!D:D,0)), "INC")} -> INC | L8: {=IF(AND(G8="COMPLETE", OR(K8="INC", ISBLANK(INDEX(data!O:O, ROW())))), J8, K8)} -> INC | M8: INC | N8: {=IF(M8<>"INC", INDEX(data!M:M, MATCH(B8, data!D:D, 0)), "")} | O8: =IF(AND(N8="",M8<>"INC"),0,N8)
A9: =left(B9,7) -> H030069 | B9: H030069023 | C9: {=IF( AND( IFERROR(MATCH(Caseslist!B9, data!D:D, 0), 0) > 0, IFERROR(INDEX(data!N:N, MATCH(Caseslist!B9, data!D:D, 0)) = 1, FALSE) ), "COMPLETE", "INC" )} -> INC | D9: {=IFERROR(INDEX(data!$G:$G,match(Caseslist!B9,data!$D:$D,0)), "INC")} -> INC | E9: {=IFERROR(INDEX(data!H:H,match(Caseslist!B9,data!D:D,0)), "INC")} -> INC | F9: {=IF( OR( IFNA(INDEX(data!M:M, MATCH(Caseslist!B9, data!D:D, 0)), "") = "", IFNA(INDEX(data!M:M, MATCH(Caseslist!B9, data!D:D, 0)), 0) = 0 ), "COMPLETE", IF( IFNA(INDEX(dataICM!D:D, MATCH(Caseslist!B9, dataICM!D:D, 0)), "INC") = "INC", IFNA(INDEX(dataICM!D:D, MATCH(Caseslist!B9, dataICM!D:D, 0)), "INC"), "COMPLETE" ) )} -> COMPLETE | G9: {=IF(IFERROR(INDEX(data!L:L,match(Caseslist!B9,data!D:D,0)),"INC")="","COMPLETE",F9)} -> COMPLETE | H9: {=IFERROR(INDEX(dataICM!F:F,match(Caseslist!B9,dataICM!D:D,0)), "INC")} -> INC | I9: =IF(G9="COMPLETE",D9,"INC") -> INC | J9: {=IF( AND( IFERROR(MATCH(B9, data!D:D, 0), 0) > 0, IFERROR(INDEX(data!N:N, MATCH(B9, data!D:D, 0)) = 1, FALSE) ), INDEX(data!C:C, MATCH(B9, data!D:D, 0)), "INC" )} -> INC | K9: {=IFERROR(INDEX(dataICM!C:C,match(Caseslist!B9,dataICM!D:D,0)), "INC")} -> INC | L9: {=IF(AND(G9="COMPLETE", OR(K9="INC", ISBLANK(INDEX(data!O:O, ROW())))), J9, K9)} -> INC | M9: INC | N9: {=IF(M9<>"INC", INDEX(data!M:M, MATCH(B9, data!D:D, 0)), "")} | O9: =IF(AND(N9="",M9<>"INC"),0,N9)
A10: =left(B10,7) -> H030069 | B10: H030069024 | C10: {=IF( AND( IFERROR(MATCH(Caseslist!B10, data!D:D, 0), 0) > 0, IFERROR(INDEX(data!N:N, MATCH(Caseslist!B10, data!D:D, 0)) = 1, FALSE) ), "COMPLETE", "INC" )} -> COMPLETE | D10: {=IFERROR(INDEX(data!$G:$G,match(Caseslist!B10,data!$D:$D,0)), "INC")} -> K8623174 | E10: {=IFERROR(INDEX(data!H:H,match(Caseslist!B10,data!D:D,0)), "INC")} -> Marielle Kaye Ignacio Alonzo | F10: {=IF( OR( IFNA(INDEX(data!M:M, MATCH(Caseslist!B10, data!D:D, 0)), "") = "", IFNA(INDEX(data!M:M, MATCH(Caseslist!B10, data!D:D, 0)), 0) = 0 ), "COMPLETE", IF( IFNA(INDEX(dataICM!D:D, MATCH(Caseslist!B10, dataICM!D:D, 0)), "INC") = "INC", IFNA(INDEX(dataICM!D:D, MATCH(Caseslist!B10, dataICM!D:D, 0)), "INC"), "COMPLETE" ) )} -> COMPLETE | G10: {=IF(IFERROR(INDEX(data!L:L,match(Caseslist!B10,data!D:D,0)),"INC")="","COMPLETE",F10)} -> COMPLETE | H10: {=IFERROR(INDEX(dataICM!F:F,match(Caseslist!B10,dataICM!D:D,0)), "INC")} -> INC | I10: =IF(G10="COMPLETE",D10,"INC") -> K8623174 | J10: {=IF( AND( IFERROR(MATCH(B10, data!D:D, 0), 0) > 0, IFERROR(INDEX(data!N:N, MATCH(B10, data!D:D, 0)) = 1, FALSE) ), INDEX(data!C:C, MATCH(B10, data!D:D, 0)), "INC" )} -> 2025-08-25T15:13:24.111+08 | K10: {=IFERROR(INDEX(dataICM!C:C,match(Caseslist!B10,dataICM!D:D,0)), "INC")} -> INC | L10: {=IF(AND(G10="COMPLETE", OR(K10="INC", ISBLANK(INDEX(data!O:O, ROW())))), J10, K10)} -> 2025-08-25T15:13:24.111+08 | M10: 45894 | N10: {=IF(M10<>"INC", INDEX(data!M:M, MATCH(B10, data!D:D, 0)), "")} | O10: =IF(AND(N10="",M10<>"INC"),0,N10) -> 0
A11: =left(B11,7) -> H030069 | B11: H030069025 | C11: {=IF( AND( IFERROR(MATCH(Caseslist!B11, data!D:D, 0), 0) > 0, IFERROR(INDEX(data!N:N, MATCH(Caseslist!B11, data!D:D, 0)) = 1, FALSE) ), "COMPLETE", "INC" )} -> COMPLETE | D11: {=IFERROR(INDEX(data!$G:$G,match(Caseslist!B11,data!$D:$D,0)), "INC")} -> M6491032 | E11: {=IFERROR(INDEX(data!H:H,match(Caseslist!B11,data!D:D,0)), "INC")} -> Rosevil Tayo Desamparado | F11: {=IF( OR( IFNA(INDEX(data!M:M, MATCH(Caseslist!B11, data!D:D, 0)), "") = "", IFNA(INDEX(data!M:M, MATCH(Caseslist!B11, data!D:D, 0)), 0) = 0 ), "COMPLETE", IF( IFNA(INDEX(dataICM!D:D, MATCH(Caseslist!B11, dataICM!D:D, 0)), "INC") = "INC", IFNA(INDEX(dataICM!D:D, MATCH(Caseslist!B11, dataICM!D:D, 0)), "INC"), "COMPLETE" ) )} -> COMPLETE | G11: {=IF(IFERROR(INDEX(data!L:L,match(Caseslist!B11,data!D:D,0)),"INC")="","COMPLETE",F11)} -> COMPLETE | H11: {=IFERROR(INDEX(dataICM!F:F,match(Caseslist!B11,dataICM!D:D,0)), "INC")} -> INC | I11: =IF(G11="COMPLETE",D11,"INC") -> M6491032 | J11: {=IF( AND( IFERROR(MATCH(B11, data!D:D, 0), 0) > 0, IFERROR(INDEX(data!N:N, MATCH(B11, data!D:D, 0)) = 1, FALSE) ), INDEX(data!C:C, MATCH(B11, data!D:D, 0)), "INC" )} -> 2025-08-25T13:22:13.466+08 | K11: {=IFERROR(INDEX(dataICM!C:C,match(Caseslist!B11,dataICM!D:D,0)), "INC")} -> INC | L11: {=IF(AND(G11="COMPLETE", OR(K11="INC", ISBLANK(INDEX(data!O:O, ROW())))), J11, K11)} -> 2025-08-25T13:22:13.466+08 | M11: 45894 | N11: {=IF(M11<>"INC", INDEX(data!M:M, MATCH(B11, data!D:D, 0)), "")} | O11: =IF(AND(N11="",M11<>"INC"),0,N11) -> 0
A12: =left(B12,7) -> H030069 | B12: H030069026 | C12: {=IF( AND( IFERROR(MATCH(Caseslist!B12, data!D:D, 0), 0) > 0, IFERROR(INDEX(data!N:N, MATCH(Caseslist!B12, data!D:D, 0)) = 1, FALSE) ), "COMPLETE", "INC" )} -> COMPLETE | D12: {=IFERROR(INDEX(data!$G:$G,match(Caseslist!B12,data!$D:$D,0)), "INC")} -> N7814260 | E12: {=IFERROR(INDEX(data!H:H,match(Caseslist!B12,data!D:D,0)), "INC")} -> Jemma Marie Tillo | F12: {=IF( OR( IFNA(INDEX(data!M:M, MATCH(Caseslist!B12, data!D:D, 0)), "") = "", IFNA(INDEX(data!M:M, MATCH(Caseslist!B12, data!D:D, 0)), 0) = 0 ), "COMPLETE", IF( IFNA(INDEX(dataICM!D:D, MATCH(Caseslist!B12, dataICM!D:D, 0)), "INC") = "INC", IFNA(INDEX(dataICM!D:D, MATCH(Caseslist!B12, dataICM!D:D, 0)), "INC"), "COMPLETE" ) )} -> COMPLETE | G12: {=IF(IFERROR(INDEX(data!L:L,match(Caseslist!B12,data!D:D,0)),"INC")="","COMPLETE",F12)} -> COMPLETE | H12: {=IFERROR(INDEX(dataICM!F:F,match(Caseslist!B12,dataICM!D:D,0)), "INC")} -> INC | I12: =IF(G12="COMPLETE",D12,"INC") -> N7814260 | J12: {=IF( AND( IFERROR(MATCH(B12, data!D:D, 0), 0) > 0, IFERROR(INDEX(data!N:N, MATCH(B12, data!D:D, 0)) = 1, FALSE) ), INDEX(data!C:C, MATCH(B12, data!D:D, 0)), "INC" )} -> 2025-08-25T17:22:38.953+08 | K12: {=IFERROR(INDEX(dataICM!C:C,match(Caseslist!B12,dataICM!D:D,0)), "INC")} -> INC | L12: {=IF(AND(G12="COMPLETE", OR(K12="INC", ISBLANK(INDEX(data!O:O, ROW())))), J12, K12)} -> 2025-08-25T17:22:38.953+08 | M12: 45894 | N12: {=IF(M12<>"INC", INDEX(data!M:M, MATCH(B12, data!D:D, 0)), "")} | O12: =IF(AND(N12="",M12<>"INC"),0,N12) -> 0
A13: =left(B13,7) -> H030069 | B13: H030069027 | C13: {=IF( AND( IFERROR(MATCH(Caseslist!B13, data!D:D, 0), 0) > 0, IFERROR(INDEX(data!N:N, MATCH(Caseslist!B13, data!D:D, 0)) = 1, FALSE) ), "COMPLETE", "INC" )} -> COMPLETE | D13: {=IFERROR(INDEX(data!$G:$G,match(Caseslist!B13,data!$D:$D,0)), "INC")} -> L2057896 | E13: {=IFERROR(INDEX(data!H:H,match(Caseslist!B13,data!D:D,0)), "INC")} -> Franz Reoben Posadas Geneblaza | F13: {=IF( OR( IFNA(INDEX(data!M:M, MATCH(Caseslist!B13, data!D:D, 0)), "") = "", IFNA(INDEX(data!M:M, MATCH(Caseslist!B13, data!D:D, 0)), 0) = 0 ), "COMPLETE", IF( IFNA(INDEX(dataICM!D:D, MATCH(Caseslist!B13, dataICM!D:D, 0)), "INC") = "INC", IFNA(INDEX(dataICM!D:D, MATCH(Caseslist!B13, dataICM!D:D, 0)), "INC"), "COMPLETE" ) )} -> COMPLETE | G13: {=IF(IFERROR(INDEX(data!L:L,match(Caseslist!B13,data!D:D,0)),"INC")="","COMPLETE",F13)} -> COMPLETE | H13: {=IFERROR(INDEX(dataICM!F:F,match(Caseslist!B13,dataICM!D:D,0)), "INC")} -> INC | I13: =IF(G13="COMPLETE",D13,"INC") -> L2057896 | J13: {=IF( AND( IFERROR(MATCH(B13, data!D:D, 0), 0) > 0, IFERROR(INDEX(data!N:N, MATCH(B13, data!D:D, 0)) = 1, FALSE) ), INDEX(data!C:C, MATCH(B13, data!D:D, 0)), "INC" )} -> 2025-08-25T14:55:57.911+08 | K13: {=IFERROR(INDEX(dataICM!C:C,match(Caseslist!B13,dataICM!D:D,0)), "INC")} -> INC | L13: {=IF(AND(G13="COMPLETE", OR(K13="INC", ISBLANK(INDEX(data!O:O, ROW())))), J13, K13)} -> 2025-08-25T14:55:57.911+08 | M13: 45894 | N13: {=IF(M13<>"INC", INDEX(data!M:M, MATCH(B13, data!D:D, 0)), "")} | O13: =IF(AND(N13="",M13<>"INC"),0,N13) -> 0
A14: =left(B14,7) -> H030069 | B14: H030069028 | C14: {=IF( AND( IFERROR(MATCH(Caseslist!B14, data!D:D, 0), 0) > 0, IFERROR(INDEX(data!N:N, MATCH(Caseslist!B14, data!D:D, 0)) = 1, FALSE) ), "COMPLETE", "INC" )} -> COMPLETE | D14: {=IFERROR(INDEX(data!$G:$G,match(Caseslist!B14,data!$D:$D,0)), "INC")} -> L2057896 | E14: {=IFERROR(INDEX(data!H:H,match(Caseslist!B14,data!D:D,0)), "INC")} -> Franz Reoben Posadas Geneblaza | F14: {=IF( OR( IFNA(INDEX(data!M:M, MATCH(Caseslist!B14, data!D:D, 0)), "") = "", IFNA(INDEX(data!M:M, MATCH(Caseslist!B14, data!D:D, 0)), 0) = 0 ), "COMPLETE", IF( IFNA(INDEX(dataICM!D:D, MATCH(Caseslist!B14, dataICM!D:D, 0)), "INC") = "INC", IFNA(INDEX(dataICM!D:D, MATCH(Caseslist!B14, dataICM!D:D, 0)), "INC"), "COMPLETE" ) )} -> COMPLETE | G14: {=IF(IFERROR(INDEX(data!L:L,match(Caseslist!B14,data!D:D,0)),"INC")="","COMPLETE",F14)} -> COMPLETE | H14: {=IFERROR(INDEX(dataICM!F:F,match(Caseslist!B14,dataICM!D:D,0)), "INC")} -> INC | I14: =IF(G14="COMPLETE",D14,"INC") -> L2057896 | J14: {=IF( AND( IFERROR(MATCH(B14, data!D:D, 0), 0) > 0, IFERROR(INDEX(data!N:N, MATCH(B14, data!D:D, 0)) = 1, FALSE) ), INDEX(data!C:C, MATCH(B14, data!D:D, 0)), "INC" )} -> 2025-08-25T13:07:38.693+08 | K14: {=IFERROR(INDEX(dataICM!C:C,match(Caseslist!B14,dataICM!D:D,0)), "INC")} -> INC | L14: {=IF(AND(G14="COMPLETE", OR(K14="INC", ISBLANK(INDEX(data!O:O, ROW())))), J14, K14)} -> 2025-08-25T13:07:38.693+08 | M14: 45894 | N14: {=IF(M14<>"INC", INDEX(data!M:M, MATCH(B14, data!D:D, 0)), "")} | O14: =IF(AND(N14="",M14<>"INC"),0,N14) -> 0
A15: =left(B15,7) -> H030069 | B15: H030069029 | C15: {=IF( AND( IFERROR(MATCH(Caseslist!B15, data!D:D, 0), 0) > 0, IFERROR(INDEX(data!N:N, MATCH(Caseslist!B15, data!D:D, 0)) = 1, FALSE) ), "COMPLETE", "INC" )} -> COMPLETE | D15: {=IFERROR(INDEX(data!$G:$G,match(Caseslist!B15,data!$D:$D,0)), "INC")} -> 365637 | E15: {=IFERROR(INDEX(data!H:H,match(Caseslist!B15,data!D:D,0)), "INC")} -> Trixie Marie | F15: {=IF( OR( IFNA(INDEX(data!M:M, MATCH(Caseslist!B15, data!D:D, 0)), "") = "", IFNA(INDEX(data!M:M, MATCH(Caseslist!B15, data!D:D, 0)), 0) = 0 ), "COMPLETE", IF( IFNA(INDEX(dataICM!D:D, MATCH(Caseslist!B15, dataICM!D:D, 0)), "INC") = "INC", IFNA(INDEX(dataICM!D:D, MATCH(Caseslist!B15, dataICM!D:D, 0)), "INC"), "COMPLETE" ) )} -> COMPLETE | G15: {=IF(IFERROR(INDEX(data!L:L,match(Caseslist!B15,data!D:D,0)),"INC")="","COMPLETE",F15)} -> COMPLETE | H15: {=IFERROR(INDEX(dataICM!F:F,match(Caseslist!B15,dataICM!D:D,0)), "INC")} -> INC | I15: =IF(G15="COMPLETE",D15,"INC") -> 365637 | J15: {=IF( AND( IFERROR(MATCH(B15, data!D:D, 0), 0) > 0, IFERROR(INDEX(data!N:N, MATCH(B15, data!D:D, 0)) = 1, FALSE) ), INDEX(data!C:C, MATCH(B15, data!D:D, 0)), "INC" )} -> 2025-08-25T14:28:16.808+08 | K15: {=IFERROR(INDEX(dataICM!C:C,match(Caseslist!B15,dataICM!D:D,0)), "INC")} -> INC | L15: {=IF(AND(G15="COMPLETE", OR(K15="INC", ISBLANK(INDEX(data!O:O, ROW())))), J15, K15)} -> 2025-08-25T14:28:16.808+08 | M15: 45894 | N15: {=IF(M15<>"INC", INDEX(data!M:M, MATCH(B15, data!D:D, 0)), "")} | O15: =IF(AND(N15="",M15<>"INC"),0,N15) -> 0
A16: =left(B16,7) -> H030069 | B16: H030069030 | C16: {=IF( AND( IFERROR(MATCH(Caseslist!B16, data!D:D, 0), 0) > 0, IFERROR(INDEX(data!N:N, MATCH(Caseslist!B16, data!D:D, 0)) = 1, FALSE) ), "COMPLETE", "INC" )} -> COMPLETE | D16: {=IFERROR(INDEX(data!$G:$G,match(Caseslist!B16,data!$D:$D,0)), "INC")} -> 365637 | E16: {=IFERROR(INDEX(data!H:H,match(Caseslist!B16,data!D:D,0)), "INC")} -> Trixie Marie | F16: {=IF( OR( IFNA(INDEX(data!M:M, MATCH(Caseslist!B16, data!D:D, 0)), "") = "", IFNA(INDEX(data!M:M, MATCH(Caseslist!B16, data!D:D, 0)), 0) = 0 ), "COMPLETE", IF( IFNA(INDEX(dataICM!D:D, MATCH(Caseslist!B16, dataICM!D:D, 0)), "INC") = "INC", IFNA(INDEX(dataICM!D:D, MATCH(Caseslist!B16, dataICM!D:D, 0)), "INC"), "COMPLETE" ) )} -> COMPLETE | G16: {=IF(IFERROR(INDEX(data!L:L,match(Caseslist!B16,data!D:D,0)),"INC")="","COMPLETE",F16)} -> COMPLETE | H16: {=IFERROR(INDEX(dataICM!F:F,match(Caseslist!B16,dataICM!D:D,0)), "INC")} -> INC | I16: =IF(G16="COMPLETE",D16,"INC") -> 365637 | J16: {=IF( AND( IFERROR(MATCH(B16, data!D:D, 0), 0) > 0, IFERROR(INDEX(data!N:N, MATCH(B16, data!D:D, 0)) = 1, FALSE) ), INDEX(data!C:C, MATCH(B16, data!D:D, 0)), "INC" )} -> 2025-08-25T13:44:32.423+08 | K16: {=IFERROR(INDEX(dataICM!C:C,match(Caseslist!B16,dataICM!D:D,0)), "INC")} -> INC | L16: {=IF(AND(G16="COMPLETE", OR(K16="INC", ISBLANK(INDEX(data!O:O, ROW())))), J16, K16)} -> 2025-08-25T13:44:32.423+08 | M16: 45894 | N16: {=IF(M16<>"INC", INDEX(data!M:M, MATCH(B16, data!D:D, 0)), "")} | O16: =IF(AND(N16="",M16<>"INC"),0,N16) -> 0
A17: =left(B17,7) -> H030069 | B17: H030069031 | C17: {=IF( AND( IFERROR(MATCH(Caseslist!B17, data!D:D, 0), 0) > 0, IFERROR(INDEX(data!N:N, MATCH(Caseslist!B17, data!D:D, 0)) = 1, FALSE) ), "COMPLETE", "INC" )} -> INC | D17: {=IFERROR(INDEX(data!$G:$G,match(Caseslist!B17,data!$D:$D,0)), "INC")} -> INC | E17: {=IFERROR(INDEX(data!H:H,match(Caseslist!B17,data!D:D,0)), "INC")} -> INC | F17: {=IF( OR( IFNA(INDEX(data!M:M, MATCH(Caseslist!B17, data!D:D, 0)), "") = "", IFNA(INDEX(data!M:M, MATCH(Caseslist!B17, data!D:D, 0)), 0) = 0 ), "COMPLETE", IF( IFNA(INDEX(dataICM!D:D, MATCH(Caseslist!B17, dataICM!D:D, 0)), "INC") = "INC", IFNA(INDEX(dataICM!D:D, MATCH(Caseslist!B17, dataICM!D:D, 0)), "INC"), "COMPLETE" ) )} -> COMPLETE | G17: {=IF(IFERROR(INDEX(data!L:L,match(Caseslist!B17,data!D:D,0)),"INC")="","COMPLETE",F17)} -> COMPLETE | H17: {=IFERROR(INDEX(dataICM!F:F,match(Caseslist!B17,dataICM!D:D,0)), "INC")} -> INC | I17: =IF(G17="COMPLETE",D17,"INC") -> INC | J17: {=IF( AND( IFERROR(MATCH(B17, data!D:D, 0), 0) > 0, IFERROR(INDEX(data!N:N, MATCH(B17, data!D:D, 0)) = 1, FALSE) ), INDEX(data!C:C, MATCH(B17, data!D:D, 0)), "INC" )} -> INC | K17: {=IFERROR(INDEX(dataICM!C:C,match(Caseslist!B17,dataICM!D:D,0)), "INC")} -> INC | L17: {=IF(AND(G17="COMPLETE", OR(K17="INC", ISBLANK(INDEX(data!O:O, ROW())))), J17, K17)} -> INC | M17: INC | N17: {=IF(M17<>"INC", INDEX(data!M:M, MATCH(B17, data!D:D, 0)), "")} | O17: =IF(AND(N17="",M17<>"INC"),0,N17)
A18: =left(B18,7) -> H030069 | B18: H030069032 | C18: {=IF( AND( IFERROR(MATCH(Caseslist!B18, data!D:D, 0), 0) > 0, IFERROR(INDEX(data!N:N, MATCH(Caseslist!B18, data!D:D, 0)) = 1, FALSE) ), "COMPLETE", "INC" )} -> COMPLETE | D18: {=IFERROR(INDEX(data!$G:$G,match(Caseslist!B18,data!$D:$D,0)), "INC")} -> K8623174 | E18: {=IFERROR(INDEX(data!H:H,match(Caseslist!B18,data!D:D,0)), "INC")} -> Marielle Kaye Ignacio Alonzo | F18: {=IF( OR( IFNA(INDEX(data!M:M, MATCH(Caseslist!B18, data!D:D, 0)), "") = "", IFNA(INDEX(data!M:M, MATCH(Caseslist!B18, data!D:D, 0)), 0) = 0 ), "COMPLETE", IF( IFNA(INDEX(dataICM!D:D, MATCH(Caseslist!B18, dataICM!D:D, 0)), "INC") = "INC", IFNA(INDEX(dataICM!D:D, MATCH(Caseslist!B18, dataICM!D:D, 0)), "INC"), "COMPLETE" ) )} -> COMPLETE | G18: {=IF(IFERROR(INDEX(data!L:L,match(Caseslist!B18,data!D:D,0)),"INC")="","COMPLETE",F18)} -> COMPLETE | H18: {=IFERROR(INDEX(dataICM!F:F,match(Caseslist!B18,dataICM!D:D,0)), "INC")} -> INC | I18: =IF(G18="COMPLETE",D18,"INC") -> K8623174 | J18: {=IF( AND( IFERROR(MATCH(B18, data!D:D, 0), 0) > 0, IFERROR(INDEX(data!N:N, MATCH(B18, data!D:D, 0)) = 1, FALSE) ), INDEX(data!C:C, MATCH(B18, data!D:D, 0)), "INC" )} -> 2025-08-25T13:49:18.526+08 | K18: {=IFERROR(INDEX(dataICM!C:C,match(Caseslist!B18,dataICM!D:D,0)), "INC")} -> INC | L18: {=IF(AND(G18="COMPLETE", OR(K18="INC", ISBLANK(INDEX(data!O:O, ROW())))), J18, K18)} -> 2025-08-25T13:49:18.526+08 | M18: 45894 | N18: {=IF(M18<>"INC", INDEX(data!M:M, MATCH(B18, data!D:D, 0)), "")} | O18: =IF(AND(N18="",M18<>"INC"),0,N18) -> 0
A19: =left(B19,7) -> H030069 | B19: H030069033 | C19: {=IF( AND( IFERROR(MATCH(Caseslist!B19, data!D:D, 0), 0) > 0, IFERROR(INDEX(data!N:N, MATCH(Caseslist!B19, data!D:D, 0)) = 1, FALSE) ), "COMPLETE", "INC" )} -> INC | D19: {=IFERROR(INDEX(data!$G:$G,match(Caseslist!B19,data!$D:$D,0)), "INC")} -> INC | E19: {=IFERROR(INDEX(data!H:H,match(Caseslist!B19,data!D:D,0)), "INC")} -> INC | F19: {=IF( OR( IFNA(INDEX(data!M:M, MATCH(Caseslist!B19, data!D:D, 0)), "") = "", IFNA(INDEX(data!M:M, MATCH(Caseslist!B19, data!D:D, 0)), 0) = 0 ), "COMPLETE", IF( IFNA(INDEX(dataICM!D:D, MATCH(Caseslist!B19, dataICM!D:D, 0)), "INC") = "INC", IFNA(INDEX(dataICM!D:D, MATCH(Caseslist!B19, dataICM!D:D, 0)), "INC"), "COMPLETE" ) )} -> COMPLETE | G19: {=IF(IFERROR(INDEX(data!L:L,match(Caseslist!B19,data!D:D,0)),"INC")="","COMPLETE",F19)} -> COMPLETE | H19: {=IFERROR(INDEX(dataICM!F:F,match(Caseslist!B19,dataICM!D:D,0)), "INC")} -> INC | I19: =IF(G19="COMPLETE",D19,"INC") -> INC | J19: {=IF( AND( IFERROR(MATCH(B19, data!D:D, 0), 0) > 0, IFERROR(INDEX(data!N:N, MATCH(B19, data!D:D, 0)) = 1, FALSE) ), INDEX(data!C:C, MATCH(B19, data!D:D, 0)), "INC" )} -> INC | K19: {=IFERROR(INDEX(dataICM!C:C,match(Caseslist!B19,dataICM!D:D,0)), "INC")} -> INC | L19: {=IF(AND(G19="COMPLETE", OR(K19="INC", ISBLANK(INDEX(data!O:O, ROW())))), J19, K19)} -> INC | M19: INC | N19: {=IF(M19<>"INC", INDEX(data!M:M, MATCH(B19, data!D:D, 0)), "")} | O19: =IF(AND(N19="",M19<>"INC"),0,N19)
A20: =left(B20,7) -> H030069 | B20: H030069034 | C20: {=IF( AND( IFERROR(MATCH(Caseslist!B20, data!D:D, 0), 0) > 0, IFERROR(INDEX(data!N:N, MATCH(Caseslist!B20, data!D:D, 0)) = 1, FALSE) ), "COMPLETE", "INC" )} -> COMPLETE | D20: {=IFERROR(INDEX(data!$G:$G,match(Caseslist!B20,data!$D:$D,0)), "INC")} -> L2057896 | E20: {=IFERROR(INDEX(data!H:H,match(Caseslist!B20,data!D:D,0)), "INC")} -> Franz Reoben Posadas Geneblaza | F20: {=IF( OR( IFNA(INDEX(data!M:M, MATCH(Caseslist!B20, data!D:D, 0)), "") = "", IFNA(INDEX(data!M:M, MATCH(Caseslist!B20, data!D:D, 0)), 0) = 0 ), "COMPLETE", IF( IFNA(INDEX(dataICM!D:D, MATCH(Caseslist!B20, dataICM!D:D, 0)), "INC") = "INC", IFNA(INDEX(dataICM!D:D, MATCH(Caseslist!B20, dataICM!D:D, 0)), "INC"), "COMPLETE" ) )} -> COMPLETE | G20: {=IF(IFERROR(INDEX(data!L:L,match(Caseslist!B20,data!D:D,0)),"INC")="","COMPLETE",F20)} -> COMPLETE | H20: {=IFERROR(INDEX(dataICM!F:F,match(Caseslist!B20,dataICM!D:D,0)), "INC")} -> INC | I20: =IF(G20="COMPLETE",D20,"INC") -> L2057896 | J20: {=IF( AND( IFERROR(MATCH(B20, data!D:D, 0), 0) > 0, IFERROR(INDEX(data!N:N, MATCH(B20, data!D:D, 0)) = 1, FALSE) ), INDEX(data!C:C, MATCH(B20, data!D:D, 0)), "INC" )} -> 2025-08-25T14:06:12.207+08 | K20: {=IFERROR(INDEX(dataICM!C:C,match(Caseslist!B20,dataICM!D:D,0)), "INC")} -> INC | L20: {=IF(AND(G20="COMPLETE", OR(K20="INC", ISBLANK(INDEX(data!O:O, ROW())))), J20, K20)} -> 2025-08-25T14:06:12.207+08 | M20: 45894 | N20: {=IF(M20<>"INC", INDEX(data!M:M, MATCH(B20, data!D:D, 0)), "")} | O20: =IF(AND(N20="",M20<>"INC"),0,N20) -> 0
A21: =left(B21,7) -> H030069 | B21: H030069035 | C21: {=IF( AND( IFERROR(MATCH(Caseslist!B21, data!D:D, 0), 0) > 0, IFERROR(INDEX(data!N:N, MATCH(Caseslist!B21, data!D:D, 0)) = 1, FALSE) ), "COMPLETE", "INC" )} -> INC | D21: {=IFERROR(INDEX(data!$G:$G,match(Caseslist!B21,data!$D:$D,0)), "INC")} -> INC | E21: {=IFERROR(INDEX(data!H:H,match(Caseslist!B21,data!D:D,0)), "INC")} -> INC | F21: {=IF( OR( IFNA(INDEX(data!M:M, MATCH(Caseslist!B21, data!D:D, 0)), "") = "", IFNA(INDEX(data!M:M, MATCH(Caseslist!B21, data!D:D, 0)), 0) = 0 ), "COMPLETE", IF( IFNA(INDEX(dataICM!D:D, MATCH(Caseslist!B21, dataICM!D:D, 0)), "INC") = "INC", IFNA(INDEX(dataICM!D:D, MATCH(Caseslist!B21, dataICM!D:D, 0)), "INC"), "COMPLETE" ) )} -> COMPLETE | G21: {=IF(IFERROR(INDEX(data!L:L,match(Caseslist!B21,data!D:D,0)),"INC")="","COMPLETE",F21)} -> COMPLETE | H21: {=IFERROR(INDEX(dataICM!F:F,match(Caseslist!B21,dataICM!D:D,0)), "INC")} -> INC | I21: =IF(G21="COMPLETE",D21,"INC") -> INC | J21: {=IF( AND( IFERROR(MATCH(B21, data!D:D, 0), 0) > 0, IFERROR(INDEX(data!N:N, MATCH(B21, data!D:D, 0)) = 1, FALSE) ), INDEX(data!C:C, MATCH(B21, data!D:D, 0)), "INC" )} -> INC | K21: {=IFERROR(INDEX(dataICM!C:C,match(Caseslist!B21,dataICM!D:D,0)), "INC")} -> INC | L21: {=IF(AND(G21="COMPLETE", OR(K21="INC", ISBLANK(INDEX(data!O:O, ROW())))), J21, K21)} -> INC | M21: INC | N21: {=IF(M21<>"INC", INDEX(data!M:M, MATCH(B21, data!D:D, 0)), "")} | O21: =IF(AND(N21="",M21<>"INC"),0,N21)
A22: =left(B22,7) -> H030069 | B22: H030069044 | C22: {=IF( AND( IFERROR(MATCH(Caseslist!B22, data!D:D, 0), 0) > 0, IFERROR(INDEX(data!N:N, MATCH(Caseslist!B22, data!D:D, 0)) = 1, FALSE) ), "COMPLETE", "INC" )} -> INC | D22: {=IFERROR(INDEX(data!$G:$G,match(Caseslist!B22,data!$D:$D,0)), "INC")} -> INC | E22: {=IFERROR(INDEX(data!H:H,match(Caseslist!B22,data!D:D,0)), "INC")} -> INC | F22: {=IF( OR( IFNA(INDEX(data!M:M, MATCH(Caseslist!B22, data!D:D, 0)), "") = "", IFNA(INDEX(data!M:M, MATCH(Caseslist!B22, data!D:D, 0)), 0) = 0 ), "COMPLETE", IF( IFNA(INDEX(dataICM!D:D, MATCH(Caseslist!B22, dataICM!D:D, 0)), "INC") = "INC", IFNA(INDEX(dataICM!D:D, MATCH(Caseslist!B22, dataICM!D:D, 0)), "INC"), "COMPLETE" ) )} -> COMPLETE | G22: {=IF(IFERROR(INDEX(data!L:L,match(Caseslist!B22,data!D:D,0)),"INC")="","COMPLETE",F22)} -> COMPLETE | H22: {=IFERROR(INDEX(dataICM!F:F,match(Caseslist!B22,dataICM!D:D,0)), "INC")} -> INC | I22: =IF(G22="COMPLETE",D22,"INC") -> INC | J22: {=IF( AND( IFERROR(MATCH(B22, data!D:D, 0), 0) > 0, IFERROR(INDEX(data!N:N, MATCH(B22, data!D:D, 0)) = 1, FALSE) ), INDEX(data!C:C, MATCH(B22, data!D:D, 0)), "INC" )} -> INC | K22: {=IFERROR(INDEX(dataICM!C:C,match(Caseslist!B22,dataICM!D:D,0)), "INC")} -> INC | L22: {=IF(AND(G22="COMPLETE", OR(K22="INC", ISBLANK(INDEX(data!O:O, ROW())))), J22, K22)} -> INC | M22: INC | N22: {=IF(M22<>"INC", INDEX(data!M:M, MATCH(B22, data!D:D, 0)), "")} | O22: =IF(AND(N22="",M22<>"INC"),0,N22)
A23: =left(B23,7) -> H030243 | B23: H030243016 | C23: {=IF( AND( IFERROR(MATCH(Caseslist!B23, data!D:D, 0), 0) > 0, IFERROR(INDEX(data!N:N, MATCH(Caseslist!B23, data!D:D, 0)) = 1, FALSE) ), "COMPLETE", "INC" )} -> COMPLETE | D23: {=IFERROR(INDEX(data!$G:$G,match(Caseslist!B23,data!$D:$D,0)), "INC")} -> 642334 | E23: {=IFERROR(INDEX(data!H:H,match(Caseslist!B23,data!D:D,0)), "INC")} -> Marvin Mondia | F23: {=IF( OR( IFNA(INDEX(data!M:M, MATCH(Caseslist!B23, data!D:D, 0)), "") = "", IFNA(INDEX(data!M:M, MATCH(Caseslist!B23, data!D:D, 0)), 0) = 0 ), "COMPLETE", IF( IFNA(INDEX(dataICM!D:D, MATCH(Caseslist!B23, dataICM!D:D, 0)), "INC") = "INC", IFNA(INDEX(dataICM!D:D, MATCH(Caseslist!B23, dataICM!D:D, 0)), "INC"), "COMPLETE" ) )} -> COMPLETE | G23: {=IF(IFERROR(INDEX(data!L:L,match(Caseslist!B23,data!D:D,0)),"INC")="","COMPLETE",F23)} -> COMPLETE | H23: {=IFERROR(INDEX(dataICM!F:F,match(Caseslist!B23,dataICM!D:D,0)), "INC")} -> INC | I23: =IF(G23="COMPLETE",D23,"INC") -> 642334 | J23: {=IF( AND( IFERROR(MATCH(B23, data!D:D, 0), 0) > 0, IFERROR(INDEX(data!N:N, MATCH(B23, data!D:D, 0)) = 1, FALSE) ), INDEX(data!C:C, MATCH(B23, data!D:D, 0)), "INC" )} -> 2025-08-25T13:50:59.230+08 | K23: {=IFERROR(INDEX(dataICM!C:C,match(Caseslist!B23,dataICM!D:D,0)), "INC")} -> INC | L23: {=IF(AND(G23="COMPLETE", OR(K23="INC", ISBLANK(INDEX(data!O:O, ROW())))), J23, K23)} -> 2025-08-25T13:50:59.230+08 | M23: 45894 | N23: {=IF(M23<>"INC", INDEX(data!M:M, MATCH(B23, data!D:D, 0)), "")} | O23: =IF(AND(N23="",M23<>"INC"),0,N23) -> 0
A24: =left(B24,7) -> H030243 | B24: H030243017 | C24: {=IF( AND( IFERROR(MATCH(Caseslist!B24, data!D:D, 0), 0) > 0, IFERROR(INDEX(data!N:N, MATCH(Caseslist!B24, data!D:D, 0)) = 1, FALSE) ), "COMPLETE", "INC" )} -> COMPLETE | D24: {=IFERROR(INDEX(data!$G:$G,match(Caseslist!B24,data!$D:$D,0)), "INC")} -> 642334 | E24: {=IFERROR(INDEX(data!H:H,match(Caseslist!B24,data!D:D,0)), "INC")} -> Marvin Mondia | F24: {=IF( OR( IFNA(INDEX(data!M:M, MATCH(Caseslist!B24, data!D:D, 0)), "") = "", IFNA(INDEX(data!M:M, MATCH(Caseslist!B24, data!D:D, 0)), 0) = 0 ), "COMPLETE", IF( IFNA(INDEX(dataICM!D:D, MATCH(Caseslist!B24, dataICM!D:D, 0)), "INC") = "INC", IFNA(INDEX(dataICM!D:D, MATCH(Caseslist!B24, dataICM!D:D, 0)), "INC"), "COMPLETE" ) )} -> COMPLETE | G24: {=IF(IFERROR(INDEX(data!L:L,match(Caseslist!B24,data!D:D,0)),"INC")="","COMPLETE",F24)} -> COMPLETE | H24: {=IFERROR(INDEX(dataICM!F:F,match(Caseslist!B24,dataICM!D:D,0)), "INC")} -> INC | I24: =IF(G24="COMPLETE",D24,"INC") -> 642334 | J24: {=IF( AND( IFERROR(MATCH(B24, data!D:D, 0), 0) > 0, IFERROR(INDEX(data!N:N, MATCH(B24, data!D:D, 0)) = 1, FALSE) ), INDEX(data!C:C, MATCH(B24, data!D:D, 0)), "INC" )} -> 2025-08-25T14:54:55.516+08 | K24: {=IFERROR(INDEX(dataICM!C:C,match(Caseslist!B24,dataICM!D:D,0)), "INC")} -> INC | L24: {=IF(AND(G24="COMPLETE", OR(K24="INC", ISBLANK(INDEX(data!O:O, ROW())))), J24, K24)} -> 2025-08-25T14:54:55.516+08 | M24: 45894 | N24: {=IF(M24<>"INC", INDEX(data!M:M, MATCH(B24, data!D:D, 0)), "")} | O24: =IF(AND(N24="",M24<>"INC"),0,N24) -> 0
A25: =left(B25,7) -> H030243 | B25: H030243018 | C25: {=IF( AND( IFERROR(MATCH(Caseslist!B25, data!D:D, 0), 0) > 0, IFERROR(INDEX(data!N:N, MATCH(Caseslist!B25, data!D:D, 0)) = 1, FALSE) ), "COMPLETE", "INC" )} -> COMPLETE | D25: {=IFERROR(INDEX(data!$G:$G,match(Caseslist!B25,data!$D:$D,0)), "INC")} -> 642334 | E25: {=IFERROR(INDEX(data!H:H,match(Caseslist!B25,data!D:D,0)), "INC")} -> Marvin Mondia | F25: {=IF( OR( IFNA(INDEX(data!M:M, MATCH(Caseslist!B25, data!D:D, 0)), "") = "", IFNA(INDEX(data!M:M, MATCH(Caseslist!B25, data!D:D, 0)), 0) = 0 ), "COMPLETE", IF( IFNA(INDEX(dataICM!D:D, MATCH(Caseslist!B25, dataICM!D:D, 0)), "INC") = "INC", IFNA(INDEX(dataICM!D:D, MATCH(Caseslist!B25, dataICM!D:D, 0)), "INC"), "COMPLETE" ) )} -> COMPLETE | G25: {=IF(IFERROR(INDEX(data!L:L,match(Caseslist!B25,data!D:D,0)),"INC")="","COMPLETE",F25)} -> COMPLETE | H25: {=IFERROR(INDEX(dataICM!F:F,match(Caseslist!B25,dataICM!D:D,0)), "INC")} -> INC | I25: =IF(G25="COMPLETE",D25,"INC") -> 642334 | J25: {=IF( AND( IFERROR(MATCH(B25, data!D:D, 0), 0) > 0, IFERROR(INDEX(data!N:N, MATCH(B25, data!D:D, 0)) = 1, FALSE) ), INDEX(data!B:B, MATCH(B25, data!D:D, 0)), "INC" )} -> 2025-08-25T09:53:42.327+08 | K25: {=IFERROR(INDEX(dataICM!C:C,match(Caseslist!B25,dataICM!D:D,0)), "INC")} -> INC | L25: {=IF(AND(G25="COMPLETE", OR(K25="INC", ISBLANK(INDEX(data!O:O, ROW())))), J25, K25)} -> 2025-08-25T09:53:42.327+08 | M25: 45894 | N25: {=IF(M25<>"INC", INDEX(data!M:M, MATCH(B25, data!D:D, 0)), "")} | O25: =IF(AND(N25="",M25<>"INC"),0,N25) -> 0
A26: =left(B26,7) -> H030243 | B26: H030243019 | C26: {=IF( AND( IFERROR(MATCH(Caseslist!B26, data!D:D, 0), 0) > 0, IFERROR(INDEX(data!N:N, MATCH(Caseslist!B26, data!D:D, 0)) = 1, FALSE) ), "COMPLETE", "INC" )} -> COMPLETE | D26: {=IFERROR(INDEX(data!$G:$G,match(Caseslist!B26,data!$D:$D,0)), "INC")} -> 729375 | E26: {=IFERROR(INDEX(data!H:H,match(Caseslist!B26,data!D:D,0)), "INC")} -> Janet Serafica | F26: {=IF( OR( IFNA(INDEX(data!M:M, MATCH(Caseslist!B26, data!D:D, 0)), "") = "", IFNA(INDEX(data!M:M, MATCH(Caseslist!B26, data!D:D, 0)), 0) = 0 ), "COMPLETE", IF( IFNA(INDEX(dataICM!D:D, MATCH(Caseslist!B26, dataICM!D:D, 0)), "INC") = "INC", IFNA(INDEX(dataICM!D:D, MATCH(Caseslist!B26, dataICM!D:D, 0)), "INC"), "COMPLETE" ) )} -> COMPLETE | G26: {=IF(IFERROR(INDEX(data!L:L,match(Caseslist!B26,data!D:D,0)),"INC")="","COMPLETE",F26)} -> COMPLETE | H26: {=IFERROR(INDEX(dataICM!F:F,match(Caseslist!B26,dataICM!D:D,0)), "INC")} -> INC | I26: =IF(G26="COMPLETE",D26,"INC") -> 729375 | J26: {=IF( AND( IFERROR(MATCH(B26, data!D:D, 0), 0) > 0, IFERROR(INDEX(data!N:N, MATCH(B26, data!D:D, 0)) = 1, FALSE) ), INDEX(data!C:C, MATCH(B26, data!D:D, 0)), "INC" )} -> 2025-08-25T11:58:44.588+08 | K26: {=IFERROR(INDEX(dataICM!C:C,match(Caseslist!B26,dataICM!D:D,0)), "INC")} -> INC | L26: {=IF(AND(G26="COMPLETE", OR(K26="INC", ISBLANK(INDEX(data!O:O, ROW())))), J26, K26)} -> 2025-08-25T11:58:44.588+08 | M26: 45894 | N26: {=IF(M26<>"INC", INDEX(data!M:M, MATCH(B26, data!D:D, 0)), "")} | O26: =IF(AND(N26="",M26<>"INC"),0,N26) -> 0
A27: =left(B27,7) -> H030243 | B27: H030243020 | C27: {=IF( AND( IFERROR(MATCH(Caseslist!B27, data!D:D, 0), 0) > 0, IFERROR(INDEX(data!N:N, MATCH(Caseslist!B27, data!D:D, 0)) = 1, FALSE) ), "COMPLETE", "INC" )} -> INC | D27: {=IFERROR(INDEX(data!$G:$G,match(Caseslist!B27,data!$D:$D,0)), "INC")} -> INC | E27: {=IFERROR(INDEX(data!H:H,match(Caseslist!B27,data!D:D,0)), "INC")} -> INC | F27: {=IF( OR( IFNA(INDEX(data!M:M, MATCH(Caseslist!B27, data!D:D, 0)), "") = "", IFNA(INDEX(data!M:M, MATCH(Caseslist!B27, data!D:D, 0)), 0) = 0 ), "COMPLETE", IF( IFNA(INDEX(dataICM!D:D, MATCH(Caseslist!B27, dataICM!D:D, 0)), "INC") = "INC", IFNA(INDEX(dataICM!D:D, MATCH(Caseslist!B27, dataICM!D:D, 0)), "INC"), "COMPLETE" ) )} -> COMPLETE | G27: {=IF(IFERROR(INDEX(data!L:L,match(Caseslist!B27,data!D:D,0)),"INC")="","COMPLETE",F27)} -> COMPLETE | H27: {=IFERROR(INDEX(dataICM!F:F,match(Caseslist!B27,dataICM!D:D,0)), "INC")} -> INC | I27: =IF(G27="COMPLETE",D27,"INC") -> INC | J27: {=IF( AND( IFERROR(MATCH(B27, data!D:D, 0), 0) > 0, IFERROR(INDEX(data!N:N, MATCH(B27, data!D:D, 0)) = 1, FALSE) ), INDEX(data!C:C, MATCH(B27, data!D:D, 0)), "INC" )} -> INC | K27: {=IFERROR(INDEX(dataICM!C:C,match(Caseslist!B27,dataICM!D:D,0)), "INC")} -> INC | L27: {=IF(AND(G27="COMPLETE", OR(K27="INC", ISBLANK(INDEX(data!O:O, ROW())))), J27, K27)} -> INC | M27: INC | N27: {=IF(M27<>"INC", INDEX(data!M:M, MATCH(B27, data!D:D, 0)), "")} | O27: =IF(AND(N27="",M27<>"INC"),0,N27)
A28: =left(B28,7) -> H030243 | B28: H030243021 | C28: {=IF( AND( IFERROR(MATCH(Caseslist!B28, data!D:D, 0), 0) > 0, IFERROR(INDEX(data!N:N, MATCH(Caseslist!B28, data!D:D, 0)) = 1, FALSE) ), "COMPLETE", "INC" )} -> COMPLETE | D28: {=IFERROR(INDEX(data!$G:$G,match(Caseslist!B28,data!$D:$D,0)), "INC")} -> 729375 | E28: {=IFERROR(INDEX(data!H:H,match(Caseslist!B28,data!D:D,0)), "INC")} -> Janet Serafica | F28: {=IF( OR( IFNA(INDEX(data!M:M, MATCH(Caseslist!B28, data!D:D, 0)), "") = "", IFNA(INDEX(data!M:M, MATCH(Caseslist!B28, data!D:D, 0)), 0) = 0 ), "COMPLETE", IF( IFNA(INDEX(dataICM!D:D, MATCH(Caseslist!B28, dataICM!D:D, 0)), "INC") = "INC", IFNA(INDEX(dataICM!D:D, MATCH(Caseslist!B28, dataICM!D:D, 0)), "INC"), "COMPLETE" ) )} -> COMPLETE | G28: {=IF(IFERROR(INDEX(data!L:L,match(Caseslist!B28,data!D:D,0)),"INC")="","COMPLETE",F28)} -> COMPLETE | H28: {=IFERROR(INDEX(dataICM!F:F,match(Caseslist!B28,dataICM!D:D,0)), "INC")} -> INC | I28: =IF(G28="COMPLETE",D28,"INC") -> 729375 | J28: {=IF( AND( IFERROR(MATCH(B28, data!D:D, 0), 0) > 0, IFERROR(INDEX(data!N:N, MATCH(B28, data!D:D, 0)) = 1, FALSE) ), INDEX(data!C:C, MATCH(B28, data!D:D, 0)), "INC" )} -> 2025-08-25T10:28:40.598+08 | K28: {=IFERROR(INDEX(dataICM!C:C,match(Caseslist!B28,dataICM!D:D,0)), "INC")} -> INC | L28: {=IF(AND(G28="COMPLETE", OR(K28="INC", ISBLANK(INDEX(data!O:O, ROW())))), J28, K28)} -> 2025-08-25T10:28:40.598+08 | M28: 45894 | N28: {=IF(M28<>"INC", INDEX(data!M:M, MATCH(B28, data!D:D, 0)), "")} | O28: =IF(AND(N28="",M28<>"INC"),0,N28) -> 0
A29: =left(B29,7) -> H030243 | B29: H030243022 | C29: {=IF( AND( IFERROR(MATCH(Caseslist!B29, data!D:D, 0), 0) > 0, IFERROR(INDEX(data!N:N, MATCH(Caseslist!B29, data!D:D, 0)) = 1, FALSE) ), "COMPLETE", "INC" )} -> COMPLETE | D29: {=IFERROR(INDEX(data!$G:$G,match(Caseslist!B29,data!$D:$D,0)), "INC")} -> 841329 | E29: {=IFERROR(INDEX(data!H:H,match(Caseslist!B29,data!D:D,0)), "INC")} -> Aila Eli | F29: {=IF( OR( IFNA(INDEX(data!M:M, MATCH(Caseslist!B29, data!D:D, 0)), "") = "", IFNA(INDEX(data!M:M, MATCH(Caseslist!B29, data!D:D, 0)), 0) = 0 ), "COMPLETE", IF( IFNA(INDEX(dataICM!D:D, MATCH(Caseslist!B29, dataICM!D:D, 0)), "INC") = "INC", IFNA(INDEX(dataICM!D:D, MATCH(Caseslist!B29, dataICM!D:D, 0)), "INC"), "COMPLETE" ) )} -> COMPLETE | G29: {=IF(IFERROR(INDEX(data!L:L,match(Caseslist!B29,data!D:D,0)),"INC")="","COMPLETE",F29)} -> COMPLETE | H29: {=IFERROR(INDEX(dataICM!F:F,match(Caseslist!B29,dataICM!D:D,0)), "INC")} -> INC | I29: =IF(G29="COMPLETE",D29,"INC") -> 841329 | J29: {=IF( AND( IFERROR(MATCH(B29, data!D:D, 0), 0) > 0, IFERROR(INDEX(data!N:N, MATCH(B29, data!D:D, 0)) = 1, FALSE) ), INDEX(data!C:C, MATCH(B29, data!D:D, 0)), "INC" )} -> 2025-08-25T12:35:25.780+08 | K29: {=IFERROR(INDEX(dataICM!C:C,match(Caseslist!B29,dataICM!D:D,0)), "INC")} -> INC | L29: {=IF(AND(G29="COMPLETE", OR(K29="INC", ISBLANK(INDEX(data!O:O, ROW())))), J29, K29)} -> 2025-08-25T12:35:25.780+08 | M29: 45894 | N29: {=IF(M29<>"INC", INDEX(data!M:M, MATCH(B29, data!D:D, 0)), "")} | O29: =IF(AND(N29="",M29<>"INC"),0,N29) -> 0
A30: =left(B30,7) -> H030243 | B30: H030243023 | C30: {=IF( AND( IFERROR(MATCH(Caseslist!B30, data!D:D, 0), 0) > 0, IFERROR(INDEX(data!N:N, MATCH(Caseslist!B30, data!D:D, 0)) = 1, FALSE) ), "COMPLETE", "INC" )} -> COMPLETE | D30: {=IFERROR(INDEX(data!$G:$G,match(Caseslist!B30,data!$D:$D,0)), "INC")} -> 841329 | E30: {=IFERROR(INDEX(data!H:H,match(Caseslist!B30,data!D:D,0)), "INC")} -> Aila Eli | F30: {=IF( OR( IFNA(INDEX(data!M:M, MATCH(Caseslist!B30, data!D:D, 0)), "") = "", IFNA(INDEX(data!M:M, MATCH(Caseslist!B30, data!D:D, 0)), 0) = 0 ), "COMPLETE", IF( IFNA(INDEX(dataICM!D:D, MATCH(Caseslist!B30, dataICM!D:D, 0)), "INC") = "INC", IFNA(INDEX(dataICM!D:D, MATCH(Caseslist!B30, dataICM!D:D, 0)), "INC"), "COMPLETE" ) )} -> COMPLETE | G30: {=IF(IFERROR(INDEX(data!L:L,match(Caseslist!B30,data!D:D,0)),"INC")="","COMPLETE",F30)} -> COMPLETE | H30: {=IFERROR(INDEX(dataICM!F:F,match(Caseslist!B30,dataICM!D:D,0)), "INC")} -> INC | I30: =IF(G30="COMPLETE",D30,"INC") -> 841329 | J30: {=IF( AND( IFERROR(MATCH(B30, data!D:D, 0), 0) > 0, IFERROR(INDEX(data!N:N, MATCH(B30, data!D:D, 0)) = 1, FALSE) ), INDEX(data!C:C, MATCH(B30, data!D:D, 0)), "INC" )} -> 2025-08-25T14:07:17.595+08 | K30: {=IFERROR(INDEX(dataICM!C:C,match(Caseslist!B30,dataICM!D:D,0)), "INC")} -> INC | L30: {=IF(AND(G30="COMPLETE", OR(K30="INC", ISBLANK(INDEX(data!O:O, ROW())))), J30, K30)} -> 2025-08-25T14:07:17.595+08 | M30: 45894 | N30: {=IF(M30<>"INC", INDEX(data!M:M, MATCH(B30, data!D:D, 0)), "")} | O30: =IF(AND(N30="",M30<>"INC"),0,N30) -> 0
A31: =left(B31,7) -> H030243 | B31: H030243024 | C31: {=IF( AND( IFERROR(MATCH(Caseslist!B31, data!D:D, 0), 0) > 0, IFERROR(INDEX(data!N:N, MATCH(Caseslist!B31, data!D:D, 0)) = 1, FALSE) ), "COMPLETE", "INC" )} -> COMPLETE | D31: {=IFERROR(INDEX(data!$G:$G,match(Caseslist!B31,data!$D:$D,0)), "INC")} -> 859767 | E31: {=IFERROR(INDEX(data!H:H,match(Caseslist!B31,data!D:D,0)), "INC")} -> Ramie De Pedro Jr. | F31: {=IF( OR( IFNA(INDEX(data!M:M, MATCH(Caseslist!B31, data!D:D, 0)), "") = "", IFNA(INDEX(data!M:M, MATCH(Caseslist!B31, data!D:D, 0)), 0) = 0 ), "COMPLETE", IF( IFNA(INDEX(dataICM!D:D, MATCH(Caseslist!B31, dataICM!D:D, 0)), "INC") = "INC", IFNA(INDEX(dataICM!D:D, MATCH(Caseslist!B31, dataICM!D:D, 0)), "INC"), "COMPLETE" ) )} -> COMPLETE | G31: {=IF(IFERROR(INDEX(data!L:L,match(Caseslist!B31,data!D:D,0)),"INC")="","COMPLETE",F31)} -> COMPLETE | H31: {=IFERROR(INDEX(dataICM!F:F,match(Caseslist!B31,dataICM!D:D,0)), "INC")} -> INC | I31: =IF(G31="COMPLETE",D31,"INC") -> 859767 | J31: {=IF( AND( IFERROR(MATCH(B31, data!D:D, 0), 0) > 0, IFERROR(INDEX(data!N:N, MATCH(B31, data!D:D, 0)) = 1, FALSE) ), INDEX(data!C:C, MATCH(B31, data!D:D, 0)), "INC" )} -> 2025-08-25T11:39:10.499+08 | K31: {=IFERROR(INDEX(dataICM!C:C,match(Caseslist!B31,dataICM!D:D,0)), "INC")} -> INC | L31: {=IF(AND(G31="COMPLETE", OR(K31="INC", ISBLANK(INDEX(data!O:O, ROW())))), J31, K31)} -> 2025-08-25T11:39:10.499+08 | M31: 45894 | N31: {=IF(M31<>"INC", INDEX(data!M:M, MATCH(B31, data!D:D, 0)), "")} | O31: =IF(AND(N31="",M31<>"INC"),0,N31) -> 0
A32: =left(B32,7) -> H030243 | B32: H030243025 | C32: {=IF( AND( IFERROR(MATCH(Caseslist!B32, data!D:D, 0), 0) > 0, IFERROR(INDEX(data!N:N, MATCH(Caseslist!B32, data!D:D, 0)) = 1, FALSE) ), "COMPLETE", "INC" )} -> INC | D32: {=IFERROR(INDEX(data!$G:$G,match(Caseslist!B32,data!$D:$D,0)), "INC")} -> INC | E32: {=IFERROR(INDEX(data!H:H,match(Caseslist!B32,data!D:D,0)), "INC")} -> INC | F32: {=IF( OR( IFNA(INDEX(data!M:M, MATCH(Caseslist!B32, data!D:D, 0)), "") = "", IFNA(INDEX(data!M:M, MATCH(Caseslist!B32, data!D:D, 0)), 0) = 0 ), "COMPLETE", IF( IFNA(INDEX(dataICM!D:D, MATCH(Caseslist!B32, dataICM!D:D, 0)), "INC") = "INC", IFNA(INDEX(dataICM!D:D, MATCH(Caseslist!B32, dataICM!D:D, 0)), "INC"), "COMPLETE" ) )} -> COMPLETE | G32: {=IF(IFERROR(INDEX(data!L:L,match(Caseslist!B32,data!D:D,0)),"INC")="","COMPLETE",F32)} -> COMPLETE | H32: {=IFERROR(INDEX(dataICM!F:F,match(Caseslist!B32,dataICM!D:D,0)), "INC")} -> INC | I32: =IF(G32="COMPLETE",D32,"INC") -> INC | J32: {=IF( AND( IFERROR(MATCH(B32, data!D:D, 0), 0) > 0, IFERROR(INDEX(data!N:N, MATCH(B32, data!D:D, 0)) = 1, FALSE) ), INDEX(data!C:C, MATCH(B32, data!D:D, 0)), "INC" )} -> INC | K32: {=IFERROR(INDEX(dataICM!C:C,match(Caseslist!B32,dataICM!D:D,0)), "INC")} -> INC | L32: {=IF(AND(G32="COMPLETE", OR(K32="INC", ISBLANK(INDEX(data!O:O, ROW())))), J32, K32)} -> INC | M32: INC | N32: {=IF(M32<>"INC", INDEX(data!M:M, MATCH(B32, data!D:D, 0)), "")} | O32: =IF(AND(N32="",M32<>"INC"),0,N32)
A33: =left(B33,7) -> H030243 | B33: H030243026 | C33: {=IF( AND( IFERROR(MATCH(Caseslist!B33, data!D:D, 0), 0) > 0, IFERROR(INDEX(data!N:N, MATCH(Caseslist!B33, data!D:D, 0)) = 1, FALSE) ), "COMPLETE", "INC" )} -> COMPLETE | D33: {=IFERROR(INDEX(data!$G:$G,match(Caseslist!B33,data!$D:$D,0)), "INC")} -> 859767 | E33: {=IFERROR(INDEX(data!H:H,match(Caseslist!B33,data!D:D,0)), "INC")} -> Ramie De Pedro Jr. | F33: {=IF( OR( IFNA(INDEX(data!M:M, MATCH(Caseslist!B33, data!D:D, 0)), "") = "", IFNA(INDEX(data!M:M, MATCH(Caseslist!B33, data!D:D, 0)), 0) = 0 ), "COMPLETE", IF( IFNA(INDEX(dataICM!D:D, MATCH(Caseslist!B33, dataICM!D:D, 0)), "INC") = "INC", IFNA(INDEX(dataICM!D:D, MATCH(Caseslist!B33, dataICM!D:D, 0)), "INC"), "COMPLETE" ) )} -> COMPLETE | G33: {=IF(IFERROR(INDEX(data!L:L,match(Caseslist!B33,data!D:D,0)),"INC")="","COMPLETE",F33)} -> COMPLETE | H33: {=IFERROR(INDEX(dataICM!F:F,match(Caseslist!B33,dataICM!D:D,0)), "INC")} -> INC | I33: =IF(G33="COMPLETE",D33,"INC") -> 859767 | J33: {=IF( AND( IFERROR(MATCH(B33, data!D:D, 0), 0) > 0, IFERROR(INDEX(data!N:N, MATCH(B33, data!D:D, 0)) = 1, FALSE) ), INDEX(data!C:C, MATCH(B33, data!D:D, 0)), "INC" )} -> 2025-08-25T13:49:18.388+08 | K33: {=IFERROR(INDEX(dataICM!C:C,match(Caseslist!B33,dataICM!D:D,0)), "INC")} -> INC | L33: {=IF(AND(G33="COMPLETE", OR(K33="INC", ISBLANK(INDEX(data!O:O, ROW())))), J33, K33)} -> 2025-08-25T13:49:18.388+08 | M33: 45894 | N33: {=IF(M33<>"INC", INDEX(data!M:M, MATCH(B33, data!D:D, 0)), "")} | O33: =IF(AND(N33="",M33<>"INC"),0,N33) -> 0
A34: =left(B34,7) -> H030243 | B34: H030243027 | C34: {=IF( AND( IFERROR(MATCH(Caseslist!B34, data!D:D, 0), 0) > 0, IFERROR(INDEX(data!N:N, MATCH(Caseslist!B34, data!D:D, 0)) = 1, FALSE) ), "COMPLETE", "INC" )} -> INC | D34: {=IFERROR(INDEX(data!$G:$G,match(Caseslist!B34,data!$D:$D,0)), "INC")} -> INC | E34: {=IFERROR(INDEX(data!H:H,match(Caseslist!B34,data!D:D,0)), "INC")} -> INC | F34: {=IF( OR( IFNA(INDEX(data!M:M, MATCH(Caseslist!B34, data!D:D, 0)), "") = "", IFNA(INDEX(data!M:M, MATCH(Caseslist!B34, data!D:D, 0)), 0) = 0 ), "COMPLETE", IF( IFNA(INDEX(dataICM!D:D, MATCH(Caseslist!B34, dataICM!D:D, 0)), "INC") = "INC", IFNA(INDEX(dataICM!D:D, MATCH(Caseslist!B34, dataICM!D:D, 0)), "INC"), "COMPLETE" ) )} -> COMPLETE | G34: {=IF(IFERROR(INDEX(data!L:L,match(Caseslist!B34,data!D:D,0)),"INC")="","COMPLETE",F34)} -> COMPLETE | H34: {=IFERROR(INDEX(dataICM!F:F,match(Caseslist!B34,dataICM!D:D,0)), "INC")} -> INC | I34: =IF(G34="COMPLETE",D34,"INC") -> INC | J34: {=IF( AND( IFERROR(MATCH(B34, data!D:D, 0), 0) > 0, IFERROR(INDEX(data!N:N, MATCH(B34, data!D:D, 0)) = 1, FALSE) ), INDEX(data!C:C, MATCH(B34, data!D:D, 0)), "INC" )} -> INC | K34: {=IFERROR(INDEX(dataICM!C:C,match(Caseslist!B34,dataICM!D:D,0)), "INC")} -> INC | L34: {=IF(AND(G34="COMPLETE", OR(K34="INC", ISBLANK(INDEX(data!O:O, ROW())))), J34, K34)} -> INC | M34: INC | N34: {=IF(M34<>"INC", INDEX(data!M:M, MATCH(B34, data!D:D, 0)), "")} | O34: =IF(AND(N34="",M34<>"INC"),0,N34)
A35: =left(B35,7) -> H030243 | B35: H030243028 | C35: {=IF( AND( IFERROR(MATCH(Caseslist!B35, data!D:D, 0), 0) > 0, IFERROR(INDEX(data!N:N, MATCH(Caseslist!B35, data!D:D, 0)) = 1, FALSE) ), "COMPLETE", "INC" )} -> INC | D35: {=IFERROR(INDEX(data!$G:$G,match(Caseslist!B35,data!$D:$D,0)), "INC")} -> 555127 | E35: {=IFERROR(INDEX(data!H:H,match(Caseslist!B35,data!D:D,0)), "INC")} -> Mary May | F35: {=IF( OR( IFNA(INDEX(data!M:M, MATCH(Caseslist!B35, data!D:D, 0)), "") = "", IFNA(INDEX(data!M:M, MATCH(Caseslist!B35, data!D:D, 0)), 0) = 0 ), "COMPLETE", IF( IFNA(INDEX(dataICM!D:D, MATCH(Caseslist!B35, dataICM!D:D, 0)), "INC") = "INC", IFNA(INDEX(dataICM!D:D, MATCH(Caseslist!B35, dataICM!D:D, 0)), "INC"), "COMPLETE" ) )} -> COMPLETE | G35: {=IF(IFERROR(INDEX(data!L:L,match(Caseslist!B35,data!D:D,0)),"INC")="","COMPLETE",F35)} -> COMPLETE | H35: {=IFERROR(INDEX(dataICM!F:F,match(Caseslist!B35,dataICM!D:D,0)), "INC")} -> INC | I35: =IF(G35="COMPLETE",D35,"INC") -> 555127 | J35: {=IF( AND( IFERROR(MATCH(B35, data!D:D, 0), 0) > 0, IFERROR(INDEX(data!N:N, MATCH(B35, data!D:D, 0)) = 1, FALSE) ), INDEX(data!C:C, MATCH(B35, data!D:D, 0)), "INC" )} -> INC | K35: {=IFERROR(INDEX(dataICM!C:C,match(Caseslist!B35,dataICM!D:D,0)), "INC")} -> INC | L35: {=IF(AND(G35="COMPLETE", OR(K35="INC", ISBLANK(INDEX(data!O:O, ROW())))), J35, K35)} -> INC | M35: INC | N35: {=IF(M35<>"INC", INDEX(data!M:M, MATCH(B35, data!D:D, 0)), "")} | O35: =IF(AND(N35="",M35<>"INC"),0,N35)
A36: =left(B36,7) -> H030243 | B36: H030243029 | C36: {=IF( AND( IFERROR(MATCH(Caseslist!B36, data!D:D, 0), 0) > 0, IFERROR(INDEX(data!N:N, MATCH(Caseslist!B36, data!D:D, 0)) = 1, FALSE) ), "COMPLETE", "INC" )} -> COMPLETE | D36: {=IFERROR(INDEX(data!$G:$G,match(Caseslist!B36,data!$D:$D,0)), "INC")} -> 729375 | E36: {=IFERROR(INDEX(data!H:H,match(Caseslist!B36,data!D:D,0)), "INC")} -> Janet Serafica | F36: {=IF( OR( IFNA(INDEX(data!M:M, MATCH(Caseslist!B36, data!D:D, 0)), "") = "", IFNA(INDEX(data!M:M, MATCH(Caseslist!B36, data!D:D, 0)), 0) = 0 ), "COMPLETE", IF( IFNA(INDEX(dataICM!D:D, MATCH(Caseslist!B36, dataICM!D:D, 0)), "INC") = "INC", IFNA(INDEX(dataICM!D:D, MATCH(Caseslist!B36, dataICM!D:D, 0)), "INC"), "COMPLETE" ) )} -> COMPLETE | G36: {=IF(IFERROR(INDEX(data!L:L,match(Caseslist!B36,data!D:D,0)),"INC")="","COMPLETE",F36)} -> COMPLETE | H36: {=IFERROR(INDEX(dataICM!F:F,match(Caseslist!B36,dataICM!D:D,0)), "INC")} -> INC | I36: =IF(G36="COMPLETE",D36,"INC") -> 729375 | J36: {=IF( AND( IFERROR(MATCH(B36, data!D:D, 0), 0) > 0, IFERROR(INDEX(data!N:N, MATCH(B36, data!D:D, 0)) = 1, FALSE) ), INDEX(data!C:C, MATCH(B36, data!D:D, 0)), "INC" )} -> 2025-08-25T15:11:27.387+08 | K36: {=IFERROR(INDEX(dataICM!C:C,match(Caseslist!B36,dataICM!D:D,0)), "INC")} -> INC | L36: {=IF(AND(G36="COMPLETE", OR(K36="INC", ISBLANK(INDEX(data!O:O, ROW())))), J36, K36)} -> 2025-08-25T15:11:27.387+08 | M36: 45894 | N36: {=IF(M36<>"INC", INDEX(data!M:M, MATCH(B36, data!D:D, 0)), "")} | O36: =IF(AND(N36="",M36<>"INC"),0,N36) -> 0
A37: =left(B37,7) -> H030243 | B37: H030243030 | C37: {=IF( AND( IFERROR(MATCH(Caseslist!B37, data!D:D, 0), 0) > 0, IFERROR(INDEX(data!N:N, MATCH(Caseslist!B37, data!D:D, 0)) = 1, FALSE) ), "COMPLETE", "INC" )} -> COMPLETE | D37: {=IFERROR(INDEX(data!$G:$G,match(Caseslist!B37,data!$D:$D,0)), "INC")} -> 555127 | E37: {=IFERROR(INDEX(data!H:H,match(Caseslist!B37,data!D:D,0)), "INC")} -> Mary May | F37: {=IF( OR( IFNA(INDEX(data!M:M, MATCH(Caseslist!B37, data!D:D, 0)), "") = "", IFNA(INDEX(data!M:M, MATCH(Caseslist!B37, data!D:D, 0)), 0) = 0 ), "COMPLETE", IF( IFNA(INDEX(dataICM!D:D, MATCH(Caseslist!B37, dataICM!D:D, 0)), "INC") = "INC", IFNA(INDEX(dataICM!D:D, MATCH(Caseslist!B37, dataICM!D:D, 0)), "INC"), "COMPLETE" ) )} -> COMPLETE | G37: {=IF(IFERROR(INDEX(data!L:L,match(Caseslist!B37,data!D:D,0)),"INC")="","COMPLETE",F37)} -> COMPLETE | H37: {=IFERROR(INDEX(dataICM!F:F,match(Caseslist!B37,dataICM!D:D,0)), "INC")} -> INC | I37: =IF(G37="COMPLETE",D37,"INC") -> 555127 | J37: {=IF( AND( IFERROR(MATCH(B37, data!D:D, 0), 0) > 0, IFERROR(INDEX(data!N:N, MATCH(B37, data!D:D, 0)) = 1, FALSE) ), INDEX(data!C:C, MATCH(B37, data!D:D, 0)), "INC" )} -> 2025-08-25T13:02:44.072+08 | K37: {=IFERROR(INDEX(dataICM!C:C,match(Caseslist!B37,dataICM!D:D,0)), "INC")} -> INC | L37: {=IF(AND(G37="COMPLETE", OR(K37="INC", ISBLANK(INDEX(data!O:O, ROW())))), J37, K37)} -> 2025-08-25T13:02:44.072+08 | M37: 45894 | N37: {=IF(M37<>"INC", INDEX(data!M:M, MATCH(B37, data!D:D, 0)), "")} | O37: =IF(AND(N37="",M37<>"INC"),0,N37) -> 0
A38: =left(B38,7) -> H030243 | B38: H030243032 | C38: {=IF( AND( IFERROR(MATCH(Caseslist!B38, data!D:D, 0), 0) > 0, IFERROR(INDEX(data!N:N, MATCH(Caseslist!B38, data!D:D, 0)) = 1, FALSE) ), "COMPLETE", "INC" )} -> COMPLETE | D38: {=IFERROR(INDEX(data!$G:$G,match(Caseslist!B38,data!$D:$D,0)), "INC")} -> 555127 | E38: {=IFERROR(INDEX(data!H:H,match(Caseslist!B38,data!D:D,0)), "INC")} -> Mary May | F38: {=IF( OR( IFNA(INDEX(data!M:M, MATCH(Caseslist!B38, data!D:D, 0)), "") = "", IFNA(INDEX(data!M:M, MATCH(Caseslist!B38, data!D:D, 0)), 0) = 0 ), "COMPLETE", IF( IFNA(INDEX(dataICM!D:D, MATCH(Caseslist!B38, dataICM!D:D, 0)), "INC") = "INC", IFNA(INDEX(dataICM!D:D, MATCH(Caseslist!B38, dataICM!D:D, 0)), "INC"), "COMPLETE" ) )} -> COMPLETE | G38: {=IF(IFERROR(INDEX(data!L:L,match(Caseslist!B38,data!D:D,0)),"INC")="","COMPLETE",F38)} -> COMPLETE | H38: {=IFERROR(INDEX(dataICM!F:F,match(Caseslist!B38,dataICM!D:D,0)), "INC")} -> INC | I38: =IF(G38="COMPLETE",D38,"INC") -> 555127 | J38: {=IF( AND( IFERROR(MATCH(B38, data!D:D, 0), 0) > 0, IFERROR(INDEX(data!N:N, MATCH(B38, data!D:D, 0)) = 1, FALSE) ), INDEX(data!C:C, MATCH(B38, data!D:D, 0)), "INC" )} -> 2025-08-25T14:46:00.327+08 | K38: {=IFERROR(INDEX(dataICM!C:C,match(Caseslist!B38,dataICM!D:D,0)), "INC")} -> INC | L38: {=IF(AND(G38="COMPLETE", OR(K38="INC", ISBLANK(INDEX(data!O:O, ROW())))), J38, K38)} -> 2025-08-25T14:46:00.327+08 | M38: 45894 | N38: {=IF(M38<>"INC", INDEX(data!M:M, MATCH(B38, data!D:D, 0)), "")} | O38: =IF(AND(N38="",M38<>"INC"),0,N38) -> 0
A39: =left(B39,7) -> H030243 | B39: H030243033 | C39: {=IF( AND( IFERROR(MATCH(Caseslist!B39, data!D:D, 0), 0) > 0, IFERROR(INDEX(data!N:N, MATCH(Caseslist!B39, data!D:D, 0)) = 1, FALSE) ), "COMPLETE", "INC" )} -> COMPLETE | D39: {=IFERROR(INDEX(data!$G:$G,match(Caseslist!B39,data!$D:$D,0)), "INC")} -> 555127 | E39: {=IFERROR(INDEX(data!H:H,match(Caseslist!B39,data!D:D,0)), "INC")} -> Mary May | F39: {=IF( OR( IFNA(INDEX(data!M:M, MATCH(Caseslist!B39, data!D:D, 0)), "") = "", IFNA(INDEX(data!M:M, MATCH(Caseslist!B39, data!D:D, 0)), 0) = 0 ), "COMPLETE", IF( IFNA(INDEX(dataICM!D:D, MATCH(Caseslist!B39, dataICM!D:D, 0)), "INC") = "INC", IFNA(INDEX(dataICM!D:D, MATCH(Caseslist!B39, dataICM!D:D, 0)), "INC"), "COMPLETE" ) )} -> COMPLETE | G39: {=IF(IFERROR(INDEX(data!L:L,match(Caseslist!B39,data!D:D,0)),"INC")="","COMPLETE",F39)} -> COMPLETE | H39: {=IFERROR(INDEX(dataICM!F:F,match(Caseslist!B39,dataICM!D:D,0)), "INC")} -> INC | I39: =IF(G39="COMPLETE",D39,"INC") -> 555127 | J39: {=IF( AND( IFERROR(MATCH(B39, data!D:D, 0), 0) > 0, IFERROR(INDEX(data!N:N, MATCH(B39, data!D:D, 0)) = 1, FALSE) ), INDEX(data!C:C, MATCH(B39, data!D:D, 0)), "INC" )} -> 2025-08-25T10:57:26.302+08 | K39: {=IFERROR(INDEX(dataICM!C:C,match(Caseslist!B39,dataICM!D:D,0)), "INC")} -> INC | L39: {=IF(AND(G39="COMPLETE", OR(K39="INC", ISBLANK(INDEX(data!O:O, ROW())))), J39, K39)} -> 2025-08-25T10:57:26.302+08 | M39: 45894 | N39: {=IF(M39<>"INC", INDEX(data!M:M, MATCH(B39, data!D:D, 0)), "")} | O39: =IF(AND(N39="",M39<>"INC"),0,N39) -> 0
A40: =left(B40,7) -> H030243 | B40: H030243034 | C40: {=IF( AND( IFERROR(MATCH(Caseslist!B40, data!D:D, 0), 0) > 0, IFERROR(INDEX(data!N:N, MATCH(Caseslist!B40, data!D:D, 0)) = 1, FALSE) ), "COMPLETE", "INC" )} -> COMPLETE | D40: {=IFERROR(INDEX(data!$G:$G,match(Caseslist!B40,data!$D:$D,0)), "INC")} -> 455939 | E40: {=IFERROR(INDEX(data!H:H,match(Caseslist!B40,data!D:D,0)), "INC")} -> Mary Jean Villaflor | F40: {=IF( OR( IFNA(INDEX(data!M:M, MATCH(Caseslist!B40, data!D:D, 0)), "") = "", IFNA(INDEX(data!M:M, MATCH(Caseslist!B40, data!D:D, 0)), 0) = 0 ), "COMPLETE", IF( IFNA(INDEX(dataICM!D:D, MATCH(Caseslist!B40, dataICM!D:D, 0)), "INC") = "INC", IFNA(INDEX(dataICM!D:D, MATCH(Caseslist!B40, dataICM!D:D, 0)), "INC"), "COMPLETE" ) )} -> COMPLETE | G40: {=IF(IFERROR(INDEX(data!L:L,match(Caseslist!B40,data!D:D,0)),"INC")="","COMPLETE",F40)} -> COMPLETE | H40: {=IFERROR(INDEX(dataICM!F:F,match(Caseslist!B40,dataICM!D:D,0)), "INC")} -> INC | I40: =IF(G40="COMPLETE",D40,"INC") -> 455939 | J40: {=IF( AND( IFERROR(MATCH(B40, data!D:D, 0), 0) > 0, IFERROR(INDEX(data!N:N, MATCH(B40, data!D:D, 0)) = 1, FALSE) ), INDEX(data!C:C, MATCH(B40, data!D:D, 0)), "INC" )} -> 2025-08-25T10:52:26.911+08 | K40: {=IFERROR(INDEX(dataICM!C:C,match(Caseslist!B40,dataICM!D:D,0)), "INC")} -> INC | L40: {=IF(AND(G40="COMPLETE", OR(K40="INC", ISBLANK(INDEX(data!O:O, ROW())))), J40, K40)} -> 2025-08-25T10:52:26.911+08 | M40: 45894 | N40: {=IF(M40<>"INC", INDEX(data!M:M, MATCH(B40, data!D:D, 0)), "")} | O40: =IF(AND(N40="",M40<>"INC"),0,N40) -> 0
A41: =left(B41,7) -> H030243 | B41: H030243035 | C41: {=IF( AND( IFERROR(MATCH(Caseslist!B41, data!D:D, 0), 0) > 0, IFERROR(INDEX(data!N:N, MATCH(Caseslist!B41, data!D:D, 0)) = 1, FALSE) ), "COMPLETE", "INC" )} -> COMPLETE | D41: {=IFERROR(INDEX(data!$G:$G,match(Caseslist!B41,data!$D:$D,0)), "INC")} -> 455939 | E41: {=IFERROR(INDEX(data!H:H,match(Caseslist!B41,data!D:D,0)), "INC")} -> Mary Jean Villaflor | F41: {=IF( OR( IFNA(INDEX(data!M:M, MATCH(Caseslist!B41, data!D:D, 0)), "") = "", IFNA(INDEX(data!M:M, MATCH(Caseslist!B41, data!D:D, 0)), 0) = 0 ), "COMPLETE", IF( IFNA(INDEX(dataICM!D:D, MATCH(Caseslist!B41, dataICM!D:D, 0)), "INC") = "INC", IFNA(INDEX(dataICM!D:D, MATCH(Caseslist!B41, dataICM!D:D, 0)), "INC"), "COMPLETE" ) )} -> COMPLETE | G41: {=IF(IFERROR(INDEX(data!L:L,match(Caseslist!B41,data!D:D,0)),"INC")="","COMPLETE",F41)} -> COMPLETE | H41: {=IFERROR(INDEX(dataICM!F:F,match(Caseslist!B41,dataICM!D:D,0)), "INC")} -> INC | I41: =IF(G41="COMPLETE",D41,"INC") -> 455939 | J41: {=IF( AND( IFERROR(MATCH(B41, data!D:D, 0), 0) > 0, IFERROR(INDEX(data!N:N, MATCH(B41, data!D:D, 0)) = 1, FALSE) ), INDEX(data!C:C, MATCH(B41, data!D:D, 0)), "INC" )} -> 2025-08-25T11:55:05.909+08 | K41: {=IFERROR(INDEX(dataICM!C:C,match(Caseslist!B41,dataICM!D:D,0)), "INC")} -> INC | L41: {=IF(AND(G41="COMPLETE", OR(K41="INC", ISBLANK(INDEX(data!O:O, ROW())))), J41, K41)} -> 2025-08-25T11:55:05.909+08 | M41: 45894 | N41: {=IF(M41<>"INC", INDEX(data!M:M, MATCH(B41, data!D:D, 0)), "")} | O41: =IF(AND(N41="",M41<>"INC"),0,N41) -> 0
A42: =left(B42,7) -> H030243 | B42: H030243038 | C42: {=IF( AND( IFERROR(MATCH(Caseslist!B42, data!D:D, 0), 0) > 0, IFERROR(INDEX(data!N:N, MATCH(Caseslist!B42, data!D:D, 0)) = 1, FALSE) ), "COMPLETE", "INC" )} -> INC | D42: {=IFERROR(INDEX(data!$G:$G,match(Caseslist!B42,data!$D:$D,0)), "INC")} -> INC | E42: {=IFERROR(INDEX(data!H:H,match(Caseslist!B42,data!D:D,0)), "INC")} -> INC | F42: {=IF( OR( IFNA(INDEX(data!M:M, MATCH(Caseslist!B42, data!D:D, 0)), "") = "", IFNA(INDEX(data!M:M, MATCH(Caseslist!B42, data!D:D, 0)), 0) = 0 ), "COMPLETE", IF( IFNA(INDEX(dataICM!D:D, MATCH(Caseslist!B42, dataICM!D:D, 0)), "INC") = "INC", IFNA(INDEX(dataICM!D:D, MATCH(Caseslist!B42, dataICM!D:D, 0)), "INC"), "COMPLETE" ) )} -> COMPLETE | G42: {=IF(IFERROR(INDEX(data!L:L,match(Caseslist!B42,data!D:D,0)),"INC")="","COMPLETE",F42)} -> COMPLETE | H42: {=IFERROR(INDEX(dataICM!F:F,match(Caseslist!B42,dataICM!D:D,0)), "INC")} -> INC | I42: =IF(G42="COMPLETE",D42,"INC") -> INC | J42: {=IF( AND( IFERROR(MATCH(B42, data!D:D, 0), 0) > 0, IFERROR(INDEX(data!N:N, MATCH(B42, data!D:D, 0)) = 1, FALSE) ), INDEX(data!C:C, MATCH(B42, data!D:D, 0)), "INC" )} -> INC | K42: {=IFERROR(INDEX(dataICM!C:C,match(Caseslist!B42,dataICM!D:D,0)), "INC")} -> INC | L42: {=IF(AND(G42="COMPLETE", OR(K42="INC", ISBLANK(INDEX(data!O:O, ROW())))), J42, K42)} -> INC | M42: INC | N42: {=IF(M42<>"INC", INDEX(data!M:M, MATCH(B42, data!D:D, 0)), "")} | O42: =IF(AND(N42="",M42<>"INC"),0,N42)
A43: =left(B43,7) -> H030243 | B43: H030243040 | C43: {=IF( AND( IFERROR(MATCH(Caseslist!B43, data!D:D, 0), 0) > 0, IFERROR(INDEX(data!N:N, MATCH(Caseslist!B43, data!D:D, 0)) = 1, FALSE) ), "COMPLETE", "INC" )} -> INC | D43: {=IFERROR(INDEX(data!$G:$G,match(Caseslist!B43,data!$D:$D,0)), "INC")} -> INC | E43: {=IFERROR(INDEX(data!H:H,match(Caseslist!B43,data!D:D,0)), "INC")} -> INC | F43: {=IF( OR( IFNA(INDEX(data!M:M, MATCH(Caseslist!B43, data!D:D, 0)), "") = "", IFNA(INDEX(data!M:M, MATCH(Caseslist!B43, data!D:D, 0)), 0) = 0 ), "COMPLETE", IF( IFNA(INDEX(dataICM!D:D, MATCH(Caseslist!B43, dataICM!D:D, 0)), "INC") = "INC", IFNA(INDEX(dataICM!D:D, MATCH(Caseslist!B43, dataICM!D:D, 0)), "INC"), "COMPLETE" ) )} -> COMPLETE | G43: {=IF(IFERROR(INDEX(data!L:L,match(Caseslist!B43,data!D:D,0)),"INC")="","COMPLETE",F43)} -> COMPLETE | H43: {=IFERROR(INDEX(dataICM!F:F,match(Caseslist!B43,dataICM!D:D,0)), "INC")} -> INC | I43: =IF(G43="COMPLETE",D43,"INC") -> INC | J43: {=IF( AND( IFERROR(MATCH(B43, data!D:D, 0), 0) > 0, IFERROR(INDEX(data!N:N, MATCH(B43, data!D:D, 0)) = 1, FALSE) ), INDEX(data!C:C, MATCH(B43, data!D:D, 0)), "INC" )} -> INC | K43: {=IFERROR(INDEX(dataICM!C:C,match(Caseslist!B43,dataICM!D:D,0)), "INC")} -> INC | L43: {=IF(AND(G43="COMPLETE", OR(K43="INC", ISBLANK(INDEX(data!O:O, ROW())))), J43, K43)} -> INC | M43: INC | N43: {=IF(M43<>"INC", INDEX(data!M:M, MATCH(B43, data!D:D, 0)), "")} | O43: =IF(AND(N43="",M43<>"INC"),0,N43)
A44: =left(B44,7) -> H030243 | B44: H030243044 | C44: {=IF( AND( IFERROR(MATCH(Caseslist!B44, data!D:D, 0), 0) > 0, IFERROR(INDEX(data!N:N, MATCH(Caseslist!B44, data!D:D, 0)) = 1, FALSE) ), "COMPLETE", "INC" )} -> INC | D44: {=IFERROR(INDEX(data!$G:$G,match(Caseslist!B44,data!$D:$D,0)), "INC")} -> INC | E44: {=IFERROR(INDEX(data!H:H,match(Caseslist!B44,data!D:D,0)), "INC")} -> INC | F44: {=IF( OR( IFNA(INDEX(data!M:M, MATCH(Caseslist!B44, data!D:D, 0)), "") = "", IFNA(INDEX(data!M:M, MATCH(Caseslist!B44, data!D:D, 0)), 0) = 0 ), "COMPLETE", IF( IFNA(INDEX(dataICM!D:D, MATCH(Caseslist!B44, dataICM!D:D, 0)), "INC") = "INC", IFNA(INDEX(dataICM!D:D, MATCH(Caseslist!B44, dataICM!D:D, 0)), "INC"), "COMPLETE" ) )} -> COMPLETE | G44: {=IF(IFERROR(INDEX(data!L:L,match(Caseslist!B44,data!D:D,0)),"INC")="","COMPLETE",F44)} -> COMPLETE | H44: {=IFERROR(INDEX(dataICM!F:F,match(Caseslist!B44,dataICM!D:D,0)), "INC")} -> INC | I44: =IF(G44="COMPLETE",D44,"INC") -> INC | J44: {=IF( AND( IFERROR(MATCH(B44, data!D:D, 0), 0) > 0, IFERROR(INDEX(data!N:N, MATCH(B44, data!D:D, 0)) = 1, FALSE) ), INDEX(data!C:C, MATCH(B44, data!D:D, 0)), "INC" )} -> INC | K44: {=IFERROR(INDEX(dataICM!C:C,match(Caseslist!B44,dataICM!D:D,0)), "INC")} -> INC | L44: {=IF(AND(G44="COMPLETE", OR(K44="INC", ISBLANK(INDEX(data!O:O, ROW())))), J44, K44)} -> INC | M44: INC | N44: {=IF(M44<>"INC", INDEX(data!M:M, MATCH(B44, data!D:D, 0)), "")} | O44: =IF(AND(N44="",M44<>"INC"),0,N44)
A45: =left(B45,7) -> H030243 | B45: H030243049 | C45: {=IF( AND( IFERROR(MATCH(Caseslist!B45, data!D:D, 0), 0) > 0, IFERROR(INDEX(data!N:N, MATCH(Caseslist!B45, data!D:D, 0)) = 1, FALSE) ), "COMPLETE", "INC" )} -> INC | D45: {=IFERROR(INDEX(data!$G:$G,match(Caseslist!B45,data!$D:$D,0)), "INC")} -> INC | E45: {=IFERROR(INDEX(data!H:H,match(Caseslist!B45,data!D:D,0)), "INC")} -> INC | F45: {=IF( OR( IFNA(INDEX(data!M:M, MATCH(Caseslist!B45, data!D:D, 0)), "") = "", IFNA(INDEX(data!M:M, MATCH(Caseslist!B45, data!D:D, 0)), 0) = 0 ), "COMPLETE", IF( IFNA(INDEX(dataICM!D:D, MATCH(Caseslist!B45, dataICM!D:D, 0)), "INC") = "INC", IFNA(INDEX(dataICM!D:D, MATCH(Caseslist!B45, dataICM!D:D, 0)), "INC"), "COMPLETE" ) )} -> COMPLETE | G45: {=IF(IFERROR(INDEX(data!L:L,match(Caseslist!B45,data!D:D,0)),"INC")="","COMPLETE",F45)} -> COMPLETE | H45: {=IFERROR(INDEX(dataICM!F:F,match(Caseslist!B45,dataICM!D:D,0)), "INC")} -> INC | I45: =IF(G45="COMPLETE",D45,"INC") -> INC | J45: {=IF( AND( IFERROR(MATCH(B45, data!D:D, 0), 0) > 0, IFERROR(INDEX(data!N:N, MATCH(B45, data!D:D, 0)) = 1, FALSE) ), INDEX(data!C:C, MATCH(B45, data!D:D, 0)), "INC" )} -> INC | K45: {=IFERROR(INDEX(dataICM!C:C,match(Caseslist!B45,dataICM!D:D,0)), "INC")} -> INC | L45: {=IF(AND(G45="COMPLETE", OR(K45="INC", ISBLANK(INDEX(data!O:O, ROW())))), J45, K45)} -> INC | M45: INC | N45: {=IF(M45<>"INC", INDEX(data!M:M, MATCH(B45, data!D:D, 0)), "")} | O45: =IF(AND(N45="",M45<>"INC"),0,N45)
A46: =left(B46,7) -> H030243 | B46: H030243051 | C46: {=IF( AND( IFERROR(MATCH(Caseslist!B46, data!D:D, 0), 0) > 0, IFERROR(INDEX(data!N:N, MATCH(Caseslist!B46, data!D:D, 0)) = 1, FALSE) ), "COMPLETE", "INC" )} -> INC | D46: {=IFERROR(INDEX(data!$G:$G,match(Caseslist!B46,data!$D:$D,0)), "INC")} -> INC | E46: {=IFERROR(INDEX(data!H:H,match(Caseslist!B46,data!D:D,0)), "INC")} -> INC | F46: {=IF( OR( IFNA(INDEX(data!M:M, MATCH(Caseslist!B46, data!D:D, 0)), "") = "", IFNA(INDEX(data!M:M, MATCH(Caseslist!B46, data!D:D, 0)), 0) = 0 ), "COMPLETE", IF( IFNA(INDEX(dataICM!D:D, MATCH(Caseslist!B46, dataICM!D:D, 0)), "INC") = "INC", IFNA(INDEX(dataICM!D:D, MATCH(Caseslist!B46, dataICM!D:D, 0)), "INC"), "COMPLETE" ) )} -> COMPLETE | G46: {=IF(IFERROR(INDEX(data!L:L,match(Caseslist!B46,data!D:D,0)),"INC")="","COMPLETE",F46)} -> COMPLETE | H46: {=IFERROR(INDEX(dataICM!F:F,match(Caseslist!B46,dataICM!D:D,0)), "INC")} -> INC | I46: =IF(G46="COMPLETE",D46,"INC") -> INC | J46: {=IF( AND( IFERROR(MATCH(B46, data!D:D, 0), 0) > 0, IFERROR(INDEX(data!N:N, MATCH(B46, data!D:D, 0)) = 1, FALSE) ), INDEX(data!C:C, MATCH(B46, data!D:D, 0)), "INC" )} -> INC | K46: {=IFERROR(INDEX(dataICM!C:C,match(Caseslist!B46,dataICM!D:D,0)), "INC")} -> INC | L46: {=IF(AND(G46="COMPLETE", OR(K46="INC", ISBLANK(INDEX(data!O:O, ROW())))), J46, K46)} -> INC | M46: INC | N46: {=IF(M46<>"INC", INDEX(data!M:M, MATCH(B46, data!D:D, 0)), "")} | O46: =IF(AND(N46="",M46<>"INC"),0,N46)
A47: =left(B47,7) -> H030243 | B47: H030243059 | C47: {=IF( AND( IFERROR(MATCH(Caseslist!B47, data!D:D, 0), 0) > 0, IFERROR(INDEX(data!N:N, MATCH(Caseslist!B47, data!D:D, 0)) = 1, FALSE) ), "COMPLETE", "INC" )} -> INC | D47: {=IFERROR(INDEX(data!$G:$G,match(Caseslist!B47,data!$D:$D,0)), "INC")} -> INC | E47: {=IFERROR(INDEX(data!H:H,match(Caseslist!B47,data!D:D,0)), "INC")} -> INC | F47: {=IF( OR( IFNA(INDEX(data!M:M, MATCH(Caseslist!B47, data!D:D, 0)), "") = "", IFNA(INDEX(data!M:M, MATCH(Caseslist!B47, data!D:D, 0)), 0) = 0 ), "COMPLETE", IF( IFNA(INDEX(dataICM!D:D, MATCH(Caseslist!B47, dataICM!D:D, 0)), "INC") = "INC", IFNA(INDEX(dataICM!D:D, MATCH(Caseslist!B47, dataICM!D:D, 0)), "INC"), "COMPLETE" ) )} -> COMPLETE | G47: {=IF(IFERROR(INDEX(data!L:L,match(Caseslist!B47,data!D:D,0)),"INC")="","COMPLETE",F47)} -> COMPLETE | H47: {=IFERROR(INDEX(dataICM!F:F,match(Caseslist!B47,dataICM!D:D,0)), "INC")} -> INC | I47: =IF(G47="COMPLETE",D47,"INC") -> INC | J47: {=IF( AND( IFERROR(MATCH(B47, data!D:D, 0), 0) > 0, IFERROR(INDEX(data!N:N, MATCH(B47, data!D:D, 0)) = 1, FALSE) ), INDEX(data!C:C, MATCH(B47, data!D:D, 0)), "INC" )} -> INC | K47: {=IFERROR(INDEX(dataICM!C:C,match(Caseslist!B47,dataICM!D:D,0)), "INC")} -> INC | L47: {=IF(AND(G47="COMPLETE", OR(K47="INC", ISBLANK(INDEX(data!O:O, ROW())))), J47, K47)} -> INC | M47: INC | N47: {=IF(M47<>"INC", INDEX(data!M:M, MATCH(B47, data!D:D, 0)), "")} | O47: =IF(AND(N47="",M47<>"INC"),0,N47)
A48: =left(B48,7) -> H030243 | B48: H030243060 | C48: {=IF( AND( IFERROR(MATCH(Caseslist!B48, data!D:D, 0), 0) > 0, IFERROR(INDEX(data!N:N, MATCH(Caseslist!B48, data!D:D, 0)) = 1, FALSE) ), "COMPLETE", "INC" )} -> INC | D48: {=IFERROR(INDEX(data!$G:$G,match(Caseslist!B48,data!$D:$D,0)), "INC")} -> INC | E48: {=IFERROR(INDEX(data!H:H,match(Caseslist!B48,data!D:D,0)), "INC")} -> INC | F48: {=IF( OR( IFNA(INDEX(data!M:M, MATCH(Caseslist!B48, data!D:D, 0)), "") = "", IFNA(INDEX(data!M:M, MATCH(Caseslist!B48, data!D:D, 0)), 0) = 0 ), "COMPLETE", IF( IFNA(INDEX(dataICM!D:D, MATCH(Caseslist!B48, dataICM!D:D, 0)), "INC") = "INC", IFNA(INDEX(dataICM!D:D, MATCH(Caseslist!B48, dataICM!D:D, 0)), "INC"), "COMPLETE" ) )} -> COMPLETE | G48: {=IF(IFERROR(INDEX(data!L:L,match(Caseslist!B48,data!D:D,0)),"INC")="","COMPLETE",F48)} -> COMPLETE | H48: {=IFERROR(INDEX(dataICM!F:F,match(Caseslist!B48,dataICM!D:D,0)), "INC")} -> INC | I48: =IF(G48="COMPLETE",D48,"INC") -> INC | J48: {=IF( AND( IFERROR(MATCH(B48, data!D:D, 0), 0) > 0, IFERROR(INDEX(data!N:N, MATCH(B48, data!D:D, 0)) = 1, FALSE) ), INDEX(data!C:C, MATCH(B48, data!D:D, 0)), "INC" )} -> INC | K48: {=IFERROR(INDEX(dataICM!C:C,match(Caseslist!B48,dataICM!D:D,0)), "INC")} -> INC | L48: {=IF(AND(G48="COMPLETE", OR(K48="INC", ISBLANK(INDEX(data!O:O, ROW())))), J48, K48)} -> INC | M48: INC | N48: {=IF(M48<>"INC", INDEX(data!M:M, MATCH(B48, data!D:D, 0)), "")} | O48: =IF(AND(N48="",M48<>"INC"),0,N48)
A49: =left(B49,7) -> H030769 | B49: H030769016 | C49: {=IF( AND( IFERROR(MATCH(Caseslist!B49, data!D:D, 0), 0) > 0, IFERROR(INDEX(data!N:N, MATCH(Caseslist!B49, data!D:D, 0)) = 1, FALSE) ), "COMPLETE", "INC" )} -> COMPLETE | D49: {=IFERROR(INDEX(data!$G:$G,match(Caseslist!B49,data!$D:$D,0)), "INC")} -> G5472901 | E49: {=IFERROR(INDEX(data!H:H,match(Caseslist!B49,data!D:D,0)), "INC")} -> Wellyn Grace Alaban Parcia | F49: {=IF( OR( IFNA(INDEX(data!M:M, MATCH(Caseslist!B49, data!D:D, 0)), "") = "", IFNA(INDEX(data!M:M, MATCH(Caseslist!B49, data!D:D, 0)), 0) = 0 ), "COMPLETE", IF( IFNA(INDEX(dataICM!D:D, MATCH(Caseslist!B49, dataICM!D:D, 0)), "INC") = "INC", IFNA(INDEX(dataICM!D:D, MATCH(Caseslist!B49, dataICM!D:D, 0)), "INC"), "COMPLETE" ) )} -> COMPLETE | G49: {=IF(IFERROR(INDEX(data!L:L,match(Caseslist!B49,data!D:D,0)),"INC")="","COMPLETE",F49)} -> COMPLETE | H49: {=IFERROR(INDEX(dataICM!F:F,match(Caseslist!B49,dataICM!D:D,0)), "INC")} -> INC | I49: =IF(G49="COMPLETE",D49,"INC") -> G5472901 | J49: {=IF( AND( IFERROR(MATCH(B49, data!D:D, 0), 0) > 0, IFERROR(INDEX(data!N:N, MATCH(B49, data!D:D, 0)) = 1, FALSE) ), INDEX(data!C:C, MATCH(B49, data!D:D, 0)), "INC" )} -> 2025-08-25T12:04:44.958+08 | K49: {=IFERROR(INDEX(dataICM!C:C,match(Caseslist!B49,dataICM!D:D,0)), "INC")} -> INC | L49: {=IF(AND(G49="COMPLETE", OR(K49="INC", ISBLANK(INDEX(data!O:O, ROW())))), J49, K49)} -> 2025-08-25T12:04:44.958+08 | M49: 45894 | N49: {=IF(M49<>"INC", INDEX(data!M:M, MATCH(B49, data!D:D, 0)), "")} | O49: =IF(AND(N49="",M49<>"INC"),0,N49) -> 0
A50: =left(B50,7) -> H030769 | B50: H030769017 | C50: {=IF( AND( IFERROR(MATCH(Caseslist!B50, data!D:D, 0), 0) > 0, IFERROR(INDEX(data!N:N, MATCH(Caseslist!B50, data!D:D, 0)) = 1, FALSE) ), "COMPLETE", "INC" )} -> INC | D50: {=IFERROR(INDEX(data!$G:$G,match(Caseslist!B50,data!$D:$D,0)), "INC")} -> INC | E50: {=IFERROR(INDEX(data!H:H,match(Caseslist!B50,data!D:D,0)), "INC")} -> INC | F50: {=IF( OR( IFNA(INDEX(data!M:M, MATCH(Caseslist!B50, data!D:D, 0)), "") = "", IFNA(INDEX(data!M:M, MATCH(Caseslist!B50, data!D:D, 0)), 0) = 0 ), "COMPLETE", IF( IFNA(INDEX(dataICM!D:D, MATCH(Caseslist!B50, dataICM!D:D, 0)), "INC") = "INC", IFNA(INDEX(dataICM!D:D, MATCH(Caseslist!B50, dataICM!D:D, 0)), "INC"), "COMPLETE" ) )} -> COMPLETE | G50: {=IF(IFERROR(INDEX(data!L:L,match(Caseslist!B50,data!D:D,0)),"INC")="","COMPLETE",F50)} -> COMPLETE | H50: {=IFERROR(INDEX(dataICM!F:F,match(Caseslist!B50,dataICM!D:D,0)), "INC")} -> INC | I50: =IF(G50="COMPLETE",D50,"INC") -> INC | J50: {=IF( AND( IFERROR(MATCH(B50, data!D:D, 0), 0) > 0, IFERROR(INDEX(data!N:N, MATCH(B50, data!D:D, 0)) = 1, FALSE) ), INDEX(data!C:C, MATCH(B50, data!D:D, 0)), "INC" )} -> INC | K50: {=IFERROR(INDEX(dataICM!C:C,match(Caseslist!B50,dataICM!D:D,0)), "INC")} -> INC | L50: {=IF(AND(G50="COMPLETE", OR(K50="INC", ISBLANK(INDEX(data!O:O, ROW())))), J50, K50)} -> INC | M50: INC | N50: {=IF(M50<>"INC", INDEX(data!M:M, MATCH(B50, data!D:D, 0)), "")} | O50: =IF(AND(N50="",M50<>"INC"),0,N50)
